ISO-10303-21;
HEADER;
/* Generated by software containing ST-Developer
 * from STEP Tools, Inc. (www.steptools.com) 
 */
/* OPTION: strings as raw bytes, not using required /X/ escapes */

FILE_DESCRIPTION(
/* description */ ('Unknown'),
/* implementation_level */ '2;1');

FILE_NAME(
/* name */ 'box',
/* time_stamp */ '2024-08-16T21:04:10+01:00',
/* author */ ('Unknown'),
/* organization */ ('Unknown'),
/* preprocessor_version */ 'ST-DEVELOPER v19.4',
/* originating_system */ 'Solid Edge',
/* authorisation */ 'Unknown');

FILE_SCHEMA (('AUTOMOTIVE_DESIGN {1 0 10303 214 3 1 1}'));
ENDSEC;

DATA;
#10=PROPERTY_DEFINITION_REPRESENTATION(#14,#12);
#11=PROPERTY_DEFINITION_REPRESENTATION(#15,#13);
#12=REPRESENTATION('',(#16),#3027);
#13=REPRESENTATION('',(#17),#3027);
#14=PROPERTY_DEFINITION('pmi validation property','',#3032);
#15=PROPERTY_DEFINITION('pmi validation property','',#3032);
#16=VALUE_REPRESENTATION_ITEM('number of annotations',COUNT_MEASURE(0.));
#17=VALUE_REPRESENTATION_ITEM('number of views',COUNT_MEASURE(0.));
#18=SHAPE_REPRESENTATION_RELATIONSHIP('','',#1775,#19);
#19=ADVANCED_BREP_SHAPE_REPRESENTATION('',(#1773),#3027);
#20=B_SPLINE_CURVE_WITH_KNOTS('',3,(#2943,#2944,#2945,#2946,#2947,#2948),
 .UNSPECIFIED.,.F.,.F.,(4,1,1,4),(0.,0.00278656229559679,0.00417984344339518,
0.00557312459119358),.UNSPECIFIED.);
#21=B_SPLINE_CURVE_WITH_KNOTS('',3,(#2952,#2953,#2954,#2955,#2956,#2957),
 .UNSPECIFIED.,.F.,.F.,(4,1,1,4),(0.,0.00139488485988618,0.00278976971977237,
0.00557953943954474),.UNSPECIFIED.);
#22=B_SPLINE_CURVE_WITH_KNOTS('',3,(#2959,#2960,#2961,#2962,#2963,#2964),
 .UNSPECIFIED.,.F.,.F.,(4,1,1,4),(6.93889390390723E-18,0.00278656229559678,
0.00417984344339517,0.00557312459119355),.UNSPECIFIED.);
#23=B_SPLINE_CURVE_WITH_KNOTS('',3,(#2968,#2969,#2970,#2971,#2972,#2973),
 .UNSPECIFIED.,.F.,.F.,(4,1,1,4),(0.,0.00139488485988619,0.00278976971977237,
0.00557953943954475),.UNSPECIFIED.);
#24=B_SPLINE_CURVE_WITH_KNOTS('',3,(#2975,#2976,#2977,#2978,#2979,#2980),
 .UNSPECIFIED.,.F.,.F.,(4,1,1,4),(6.93889390390723E-18,0.00278656229559679,
0.00417984344339518,0.00557312459119357),.UNSPECIFIED.);
#25=B_SPLINE_CURVE_WITH_KNOTS('',3,(#2984,#2985,#2986,#2987,#2988,#2989),
 .UNSPECIFIED.,.F.,.F.,(4,1,1,4),(0.,0.00139488485988619,0.00278976971977237,
0.00557953943954474),.UNSPECIFIED.);
#26=B_SPLINE_CURVE_WITH_KNOTS('',3,(#2991,#2992,#2993,#2994,#2995,#2996),
 .UNSPECIFIED.,.F.,.F.,(4,1,1,4),(6.93889390390723E-18,0.0027865622955968,
0.00417984344339519,0.00557312459119359),.UNSPECIFIED.);
#27=B_SPLINE_CURVE_WITH_KNOTS('',3,(#3000,#3001,#3002,#3003,#3004,#3005),
 .UNSPECIFIED.,.F.,.F.,(4,1,1,4),(0.,0.00139488485988619,0.00278976971977237,
0.00557953943954474),.UNSPECIFIED.);
#28=CONICAL_SURFACE('',#1834,3.,0.785398163397449);
#29=CONICAL_SURFACE('',#1903,3.,0.785398163397449);
#30=CONICAL_SURFACE('',#1904,2.00000000000003,0.785398163397448);
#31=CONICAL_SURFACE('',#1906,7.99999999999994,0.785398163397448);
#32=CONICAL_SURFACE('',#1907,2.00000000000007,0.78539816339745);
#33=CONICAL_SURFACE('',#1908,2.00000000000007,0.78539816339745);
#34=CONICAL_SURFACE('',#1909,5.,0.785398163397448);
#35=CONICAL_SURFACE('',#1911,2.00000000000003,0.785398163397448);
#36=CONICAL_SURFACE('',#1912,2.00000000000003,0.785398163397448);
#37=CONICAL_SURFACE('',#1914,5.,0.785398163397448);
#38=CONICAL_SURFACE('',#1915,2.00000000000007,0.78539816339745);
#39=CONICAL_SURFACE('',#1916,2.00000000000007,0.78539816339745);
#40=CONICAL_SURFACE('',#1917,5.,0.785398163397448);
#41=CONICAL_SURFACE('',#1919,2.00000000000003,0.785398163397448);
#42=CONICAL_SURFACE('',#1942,2.1,0.785398163397449);
#43=CONICAL_SURFACE('',#1943,2.1,0.78539816339745);
#44=CONICAL_SURFACE('',#1952,1.99999999999999,0.785398163397449);
#45=CONICAL_SURFACE('',#1954,1.99999999999999,0.785398163397449);
#46=CONICAL_SURFACE('',#1955,1.99999999999999,0.785398163397449);
#47=CONICAL_SURFACE('',#1957,1.99999999999999,0.785398163397449);
#48=CONICAL_SURFACE('',#1958,1.99999999999999,0.785398163397449);
#49=CONICAL_SURFACE('',#1960,1.99999999999999,0.785398163397449);
#50=CONICAL_SURFACE('',#1961,1.99999999999999,0.785398163397449);
#51=CONICAL_SURFACE('',#1963,1.99999999999999,0.785398163397449);
#52=CIRCLE('',#1782,5.);
#53=CIRCLE('',#1783,5.);
#54=CIRCLE('',#1784,5.);
#55=CIRCLE('',#1786,5.);
#56=CIRCLE('',#1787,5.);
#57=CIRCLE('',#1788,5.);
#58=CIRCLE('',#1790,5.);
#59=CIRCLE('',#1791,5.);
#60=CIRCLE('',#1792,5.);
#61=CIRCLE('',#1794,5.);
#62=CIRCLE('',#1795,5.);
#63=CIRCLE('',#1796,5.);
#64=CIRCLE('',#1798,5.);
#65=CIRCLE('',#1799,5.);
#66=CIRCLE('',#1800,5.);
#67=CIRCLE('',#1802,5.);
#68=CIRCLE('',#1803,5.);
#69=CIRCLE('',#1804,5.);
#70=CIRCLE('',#1806,5.);
#71=CIRCLE('',#1807,5.);
#72=CIRCLE('',#1808,5.);
#73=CIRCLE('',#1810,5.);
#74=CIRCLE('',#1811,5.);
#75=CIRCLE('',#1812,5.);
#76=CIRCLE('',#1814,1.1);
#77=CIRCLE('',#1815,1.1);
#78=CIRCLE('',#1817,2.1);
#79=CIRCLE('',#1818,2.10000000000001);
#80=CIRCLE('',#1820,7.99999999999994);
#81=CIRCLE('',#1821,2.00000000000003);
#82=CIRCLE('',#1822,2.00000000000007);
#83=CIRCLE('',#1823,7.99999999999994);
#84=CIRCLE('',#1824,2.00000000000003);
#85=CIRCLE('',#1825,2.00000000000007);
#86=CIRCLE('',#1826,7.99999999999994);
#87=CIRCLE('',#1827,2.00000000000003);
#88=CIRCLE('',#1828,2.00000000000007);
#89=CIRCLE('',#1829,7.99999999999994);
#90=CIRCLE('',#1830,2.00000000000003);
#91=CIRCLE('',#1831,2.00000000000007);
#92=CIRCLE('',#1832,6.00000000000001);
#93=CIRCLE('',#1833,6.00000000000001);
#94=CIRCLE('',#1835,3.);
#95=CIRCLE('',#1837,1.55);
#96=CIRCLE('',#1838,1.55);
#97=CIRCLE('',#1841,3.);
#98=CIRCLE('',#1844,1.6);
#99=CIRCLE('',#1845,1.6);
#100=CIRCLE('',#1848,5.);
#101=CIRCLE('',#1849,5.);
#102=CIRCLE('',#1852,1.6);
#103=CIRCLE('',#1853,1.6);
#104=CIRCLE('',#1856,5.);
#105=CIRCLE('',#1857,5.);
#106=CIRCLE('',#1859,1.6);
#107=CIRCLE('',#1860,1.6);
#108=CIRCLE('',#1863,5.);
#109=CIRCLE('',#1864,5.);
#110=CIRCLE('',#1866,11.2);
#111=CIRCLE('',#1869,11.2);
#112=CIRCLE('',#1873,5.);
#113=CIRCLE('',#1874,5.);
#114=CIRCLE('',#1875,5.);
#115=CIRCLE('',#1876,5.);
#116=CIRCLE('',#1878,5.);
#117=CIRCLE('',#1879,5.);
#118=CIRCLE('',#1880,5.);
#119=CIRCLE('',#1881,5.);
#120=CIRCLE('',#1883,5.);
#121=CIRCLE('',#1884,5.);
#122=CIRCLE('',#1886,1.6);
#123=CIRCLE('',#1888,1.6);
#124=CIRCLE('',#1896,3.);
#125=CIRCLE('',#1897,3.);
#126=CIRCLE('',#1899,1.55);
#127=CIRCLE('',#1901,1.55);
#128=CIRCLE('',#1935,1.1);
#129=CIRCLE('',#1937,1.1);
#130=CYLINDRICAL_SURFACE('',#1781,5.);
#131=CYLINDRICAL_SURFACE('',#1785,5.);
#132=CYLINDRICAL_SURFACE('',#1789,5.);
#133=CYLINDRICAL_SURFACE('',#1793,5.);
#134=CYLINDRICAL_SURFACE('',#1797,5.);
#135=CYLINDRICAL_SURFACE('',#1801,5.);
#136=CYLINDRICAL_SURFACE('',#1805,5.);
#137=CYLINDRICAL_SURFACE('',#1809,5.);
#138=CYLINDRICAL_SURFACE('',#1836,1.55);
#139=CYLINDRICAL_SURFACE('',#1840,3.);
#140=CYLINDRICAL_SURFACE('',#1843,1.6);
#141=CYLINDRICAL_SURFACE('',#1847,5.);
#142=CYLINDRICAL_SURFACE('',#1851,1.6);
#143=CYLINDRICAL_SURFACE('',#1855,5.);
#144=CYLINDRICAL_SURFACE('',#1858,1.6);
#145=CYLINDRICAL_SURFACE('',#1862,5.);
#146=CYLINDRICAL_SURFACE('',#1882,5.);
#147=CYLINDRICAL_SURFACE('',#1887,1.6);
#148=CYLINDRICAL_SURFACE('',#1890,11.2);
#149=CYLINDRICAL_SURFACE('',#1891,5.);
#150=CYLINDRICAL_SURFACE('',#1892,5.);
#151=CYLINDRICAL_SURFACE('',#1893,5.);
#152=CYLINDRICAL_SURFACE('',#1894,5.);
#153=CYLINDRICAL_SURFACE('',#1895,3.);
#154=CYLINDRICAL_SURFACE('',#1900,1.55);
#155=CYLINDRICAL_SURFACE('',#1934,1.1);
#156=CYLINDRICAL_SURFACE('',#1936,1.1);
#157=ORIENTED_EDGE('',*,*,#625,.T.);
#158=ORIENTED_EDGE('',*,*,#626,.F.);
#159=ORIENTED_EDGE('',*,*,#627,.T.);
#160=ORIENTED_EDGE('',*,*,#628,.T.);
#161=ORIENTED_EDGE('',*,*,#626,.T.);
#162=ORIENTED_EDGE('',*,*,#629,.T.);
#163=ORIENTED_EDGE('',*,*,#630,.F.);
#164=ORIENTED_EDGE('',*,*,#631,.T.);
#165=ORIENTED_EDGE('',*,*,#632,.T.);
#166=ORIENTED_EDGE('',*,*,#628,.F.);
#167=ORIENTED_EDGE('',*,*,#633,.T.);
#168=ORIENTED_EDGE('',*,*,#634,.T.);
#169=ORIENTED_EDGE('',*,*,#635,.T.);
#170=ORIENTED_EDGE('',*,*,#634,.F.);
#171=ORIENTED_EDGE('',*,*,#636,.T.);
#172=ORIENTED_EDGE('',*,*,#630,.T.);
#173=ORIENTED_EDGE('',*,*,#637,.F.);
#174=ORIENTED_EDGE('',*,*,#638,.T.);
#175=ORIENTED_EDGE('',*,*,#639,.T.);
#176=ORIENTED_EDGE('',*,*,#640,.F.);
#177=ORIENTED_EDGE('',*,*,#641,.T.);
#178=ORIENTED_EDGE('',*,*,#642,.T.);
#179=ORIENTED_EDGE('',*,*,#643,.F.);
#180=ORIENTED_EDGE('',*,*,#644,.T.);
#181=ORIENTED_EDGE('',*,*,#645,.F.);
#182=ORIENTED_EDGE('',*,*,#646,.T.);
#183=ORIENTED_EDGE('',*,*,#647,.F.);
#184=ORIENTED_EDGE('',*,*,#648,.F.);
#185=ORIENTED_EDGE('',*,*,#649,.F.);
#186=ORIENTED_EDGE('',*,*,#650,.T.);
#187=ORIENTED_EDGE('',*,*,#651,.T.);
#188=ORIENTED_EDGE('',*,*,#652,.F.);
#189=ORIENTED_EDGE('',*,*,#653,.T.);
#190=ORIENTED_EDGE('',*,*,#654,.T.);
#191=ORIENTED_EDGE('',*,*,#655,.F.);
#192=ORIENTED_EDGE('',*,*,#656,.T.);
#193=ORIENTED_EDGE('',*,*,#657,.F.);
#194=ORIENTED_EDGE('',*,*,#658,.T.);
#195=ORIENTED_EDGE('',*,*,#659,.F.);
#196=ORIENTED_EDGE('',*,*,#660,.F.);
#197=ORIENTED_EDGE('',*,*,#661,.F.);
#198=ORIENTED_EDGE('',*,*,#662,.T.);
#199=ORIENTED_EDGE('',*,*,#663,.T.);
#200=ORIENTED_EDGE('',*,*,#664,.F.);
#201=ORIENTED_EDGE('',*,*,#665,.T.);
#202=ORIENTED_EDGE('',*,*,#666,.T.);
#203=ORIENTED_EDGE('',*,*,#667,.F.);
#204=ORIENTED_EDGE('',*,*,#668,.T.);
#205=ORIENTED_EDGE('',*,*,#669,.F.);
#206=ORIENTED_EDGE('',*,*,#670,.T.);
#207=ORIENTED_EDGE('',*,*,#671,.F.);
#208=ORIENTED_EDGE('',*,*,#672,.F.);
#209=ORIENTED_EDGE('',*,*,#673,.F.);
#210=ORIENTED_EDGE('',*,*,#674,.T.);
#211=ORIENTED_EDGE('',*,*,#675,.T.);
#212=ORIENTED_EDGE('',*,*,#676,.F.);
#213=ORIENTED_EDGE('',*,*,#677,.T.);
#214=ORIENTED_EDGE('',*,*,#678,.T.);
#215=ORIENTED_EDGE('',*,*,#679,.F.);
#216=ORIENTED_EDGE('',*,*,#680,.T.);
#217=ORIENTED_EDGE('',*,*,#681,.F.);
#218=ORIENTED_EDGE('',*,*,#682,.T.);
#219=ORIENTED_EDGE('',*,*,#683,.F.);
#220=ORIENTED_EDGE('',*,*,#684,.F.);
#221=ORIENTED_EDGE('',*,*,#669,.T.);
#222=ORIENTED_EDGE('',*,*,#685,.T.);
#223=ORIENTED_EDGE('',*,*,#649,.T.);
#224=ORIENTED_EDGE('',*,*,#686,.T.);
#225=ORIENTED_EDGE('',*,*,#687,.F.);
#226=ORIENTED_EDGE('',*,*,#688,.F.);
#227=ORIENTED_EDGE('',*,*,#689,.T.);
#228=ORIENTED_EDGE('',*,*,#690,.T.);
#229=ORIENTED_EDGE('',*,*,#691,.T.);
#230=ORIENTED_EDGE('',*,*,#692,.T.);
#231=ORIENTED_EDGE('',*,*,#693,.T.);
#232=ORIENTED_EDGE('',*,*,#694,.T.);
#233=ORIENTED_EDGE('',*,*,#695,.T.);
#234=ORIENTED_EDGE('',*,*,#696,.T.);
#235=ORIENTED_EDGE('',*,*,#697,.T.);
#236=ORIENTED_EDGE('',*,*,#698,.T.);
#237=ORIENTED_EDGE('',*,*,#699,.T.);
#238=ORIENTED_EDGE('',*,*,#700,.T.);
#239=ORIENTED_EDGE('',*,*,#701,.F.);
#240=ORIENTED_EDGE('',*,*,#702,.T.);
#241=ORIENTED_EDGE('',*,*,#703,.T.);
#242=ORIENTED_EDGE('',*,*,#704,.T.);
#243=ORIENTED_EDGE('',*,*,#705,.T.);
#244=ORIENTED_EDGE('',*,*,#706,.T.);
#245=ORIENTED_EDGE('',*,*,#707,.T.);
#246=ORIENTED_EDGE('',*,*,#708,.T.);
#247=ORIENTED_EDGE('',*,*,#709,.T.);
#248=ORIENTED_EDGE('',*,*,#710,.T.);
#249=ORIENTED_EDGE('',*,*,#711,.T.);
#250=ORIENTED_EDGE('',*,*,#712,.T.);
#251=ORIENTED_EDGE('',*,*,#713,.T.);
#252=ORIENTED_EDGE('',*,*,#714,.T.);
#253=ORIENTED_EDGE('',*,*,#715,.T.);
#254=ORIENTED_EDGE('',*,*,#716,.T.);
#255=ORIENTED_EDGE('',*,*,#717,.T.);
#256=ORIENTED_EDGE('',*,*,#718,.T.);
#257=ORIENTED_EDGE('',*,*,#719,.T.);
#258=ORIENTED_EDGE('',*,*,#720,.T.);
#259=ORIENTED_EDGE('',*,*,#721,.T.);
#260=ORIENTED_EDGE('',*,*,#722,.T.);
#261=ORIENTED_EDGE('',*,*,#723,.F.);
#262=ORIENTED_EDGE('',*,*,#724,.T.);
#263=ORIENTED_EDGE('',*,*,#723,.T.);
#264=ORIENTED_EDGE('',*,*,#725,.T.);
#265=ORIENTED_EDGE('',*,*,#726,.F.);
#266=ORIENTED_EDGE('',*,*,#727,.T.);
#267=ORIENTED_EDGE('',*,*,#726,.T.);
#268=ORIENTED_EDGE('',*,*,#725,.F.);
#269=ORIENTED_EDGE('',*,*,#728,.F.);
#270=ORIENTED_EDGE('',*,*,#727,.F.);
#271=ORIENTED_EDGE('',*,*,#728,.T.);
#272=ORIENTED_EDGE('',*,*,#729,.T.);
#273=ORIENTED_EDGE('',*,*,#730,.T.);
#274=ORIENTED_EDGE('',*,*,#729,.F.);
#275=ORIENTED_EDGE('',*,*,#671,.T.);
#276=ORIENTED_EDGE('',*,*,#731,.T.);
#277=ORIENTED_EDGE('',*,*,#665,.F.);
#278=ORIENTED_EDGE('',*,*,#732,.T.);
#279=ORIENTED_EDGE('',*,*,#681,.T.);
#280=ORIENTED_EDGE('',*,*,#733,.T.);
#281=ORIENTED_EDGE('',*,*,#661,.T.);
#282=ORIENTED_EDGE('',*,*,#734,.T.);
#283=ORIENTED_EDGE('',*,*,#735,.T.);
#284=ORIENTED_EDGE('',*,*,#736,.T.);
#285=ORIENTED_EDGE('',*,*,#735,.F.);
#286=ORIENTED_EDGE('',*,*,#659,.T.);
#287=ORIENTED_EDGE('',*,*,#737,.T.);
#288=ORIENTED_EDGE('',*,*,#653,.F.);
#289=ORIENTED_EDGE('',*,*,#738,.T.);
#290=ORIENTED_EDGE('',*,*,#739,.T.);
#291=ORIENTED_EDGE('',*,*,#740,.T.);
#292=ORIENTED_EDGE('',*,*,#739,.F.);
#293=ORIENTED_EDGE('',*,*,#647,.T.);
#294=ORIENTED_EDGE('',*,*,#741,.T.);
#295=ORIENTED_EDGE('',*,*,#641,.F.);
#296=ORIENTED_EDGE('',*,*,#742,.T.);
#297=ORIENTED_EDGE('',*,*,#657,.T.);
#298=ORIENTED_EDGE('',*,*,#743,.T.);
#299=ORIENTED_EDGE('',*,*,#637,.T.);
#300=ORIENTED_EDGE('',*,*,#744,.T.);
#301=ORIENTED_EDGE('',*,*,#745,.T.);
#302=ORIENTED_EDGE('',*,*,#645,.T.);
#303=ORIENTED_EDGE('',*,*,#746,.T.);
#304=ORIENTED_EDGE('',*,*,#673,.T.);
#305=ORIENTED_EDGE('',*,*,#747,.T.);
#306=ORIENTED_EDGE('',*,*,#748,.T.);
#307=ORIENTED_EDGE('',*,*,#749,.F.);
#308=ORIENTED_EDGE('',*,*,#750,.T.);
#309=ORIENTED_EDGE('',*,*,#751,.T.);
#310=ORIENTED_EDGE('',*,*,#752,.T.);
#311=ORIENTED_EDGE('',*,*,#753,.F.);
#312=ORIENTED_EDGE('',*,*,#754,.T.);
#313=ORIENTED_EDGE('',*,*,#755,.T.);
#314=ORIENTED_EDGE('',*,*,#756,.T.);
#315=ORIENTED_EDGE('',*,*,#757,.F.);
#316=ORIENTED_EDGE('',*,*,#758,.T.);
#317=ORIENTED_EDGE('',*,*,#759,.T.);
#318=ORIENTED_EDGE('',*,*,#760,.T.);
#319=ORIENTED_EDGE('',*,*,#751,.F.);
#320=ORIENTED_EDGE('',*,*,#761,.T.);
#321=ORIENTED_EDGE('',*,*,#699,.F.);
#322=ORIENTED_EDGE('',*,*,#762,.T.);
#323=ORIENTED_EDGE('',*,*,#759,.F.);
#324=ORIENTED_EDGE('',*,*,#763,.T.);
#325=ORIENTED_EDGE('',*,*,#755,.F.);
#326=ORIENTED_EDGE('',*,*,#764,.T.);
#327=ORIENTED_EDGE('',*,*,#636,.F.);
#328=ORIENTED_EDGE('',*,*,#633,.F.);
#329=ORIENTED_EDGE('',*,*,#627,.F.);
#330=ORIENTED_EDGE('',*,*,#631,.F.);
#331=ORIENTED_EDGE('',*,*,#701,.T.);
#332=ORIENTED_EDGE('',*,*,#765,.T.);
#333=ORIENTED_EDGE('',*,*,#749,.T.);
#334=ORIENTED_EDGE('',*,*,#766,.T.);
#335=ORIENTED_EDGE('',*,*,#753,.T.);
#336=ORIENTED_EDGE('',*,*,#767,.T.);
#337=ORIENTED_EDGE('',*,*,#757,.T.);
#338=ORIENTED_EDGE('',*,*,#768,.T.);
#339=ORIENTED_EDGE('',*,*,#683,.T.);
#340=ORIENTED_EDGE('',*,*,#769,.T.);
#341=ORIENTED_EDGE('',*,*,#677,.F.);
#342=ORIENTED_EDGE('',*,*,#770,.T.);
#343=ORIENTED_EDGE('',*,*,#632,.F.);
#344=ORIENTED_EDGE('',*,*,#635,.F.);
#345=ORIENTED_EDGE('',*,*,#629,.F.);
#346=ORIENTED_EDGE('',*,*,#625,.F.);
#347=ORIENTED_EDGE('',*,*,#771,.F.);
#348=ORIENTED_EDGE('',*,*,#770,.F.);
#349=ORIENTED_EDGE('',*,*,#676,.T.);
#350=ORIENTED_EDGE('',*,*,#772,.F.);
#351=ORIENTED_EDGE('',*,*,#648,.T.);
#352=ORIENTED_EDGE('',*,*,#742,.F.);
#353=ORIENTED_EDGE('',*,*,#640,.T.);
#354=ORIENTED_EDGE('',*,*,#773,.F.);
#355=ORIENTED_EDGE('',*,*,#660,.T.);
#356=ORIENTED_EDGE('',*,*,#738,.F.);
#357=ORIENTED_EDGE('',*,*,#652,.T.);
#358=ORIENTED_EDGE('',*,*,#774,.F.);
#359=ORIENTED_EDGE('',*,*,#672,.T.);
#360=ORIENTED_EDGE('',*,*,#732,.F.);
#361=ORIENTED_EDGE('',*,*,#664,.T.);
#362=ORIENTED_EDGE('',*,*,#775,.F.);
#363=ORIENTED_EDGE('',*,*,#684,.T.);
#364=ORIENTED_EDGE('',*,*,#740,.F.);
#365=ORIENTED_EDGE('',*,*,#736,.F.);
#366=ORIENTED_EDGE('',*,*,#730,.F.);
#367=ORIENTED_EDGE('',*,*,#776,.T.);
#368=ORIENTED_EDGE('',*,*,#771,.T.);
#369=ORIENTED_EDGE('',*,*,#776,.F.);
#370=ORIENTED_EDGE('',*,*,#745,.F.);
#371=ORIENTED_EDGE('',*,*,#748,.F.);
#372=ORIENTED_EDGE('',*,*,#762,.F.);
#373=ORIENTED_EDGE('',*,*,#702,.F.);
#374=ORIENTED_EDGE('',*,*,#768,.F.);
#375=ORIENTED_EDGE('',*,*,#760,.F.);
#376=ORIENTED_EDGE('',*,*,#763,.F.);
#377=ORIENTED_EDGE('',*,*,#758,.F.);
#378=ORIENTED_EDGE('',*,*,#767,.F.);
#379=ORIENTED_EDGE('',*,*,#756,.F.);
#380=ORIENTED_EDGE('',*,*,#764,.F.);
#381=ORIENTED_EDGE('',*,*,#754,.F.);
#382=ORIENTED_EDGE('',*,*,#766,.F.);
#383=ORIENTED_EDGE('',*,*,#752,.F.);
#384=ORIENTED_EDGE('',*,*,#761,.F.);
#385=ORIENTED_EDGE('',*,*,#750,.F.);
#386=ORIENTED_EDGE('',*,*,#765,.F.);
#387=ORIENTED_EDGE('',*,*,#700,.F.);
#388=ORIENTED_EDGE('',*,*,#777,.T.);
#389=ORIENTED_EDGE('',*,*,#778,.T.);
#390=ORIENTED_EDGE('',*,*,#779,.T.);
#391=ORIENTED_EDGE('',*,*,#778,.F.);
#392=ORIENTED_EDGE('',*,*,#780,.T.);
#393=ORIENTED_EDGE('',*,*,#779,.F.);
#394=ORIENTED_EDGE('',*,*,#780,.F.);
#395=ORIENTED_EDGE('',*,*,#724,.F.);
#396=ORIENTED_EDGE('',*,*,#777,.F.);
#397=ORIENTED_EDGE('',*,*,#781,.F.);
#398=ORIENTED_EDGE('',*,*,#682,.F.);
#399=ORIENTED_EDGE('',*,*,#782,.F.);
#400=ORIENTED_EDGE('',*,*,#716,.F.);
#401=ORIENTED_EDGE('',*,*,#782,.T.);
#402=ORIENTED_EDGE('',*,*,#734,.F.);
#403=ORIENTED_EDGE('',*,*,#783,.F.);
#404=ORIENTED_EDGE('',*,*,#717,.F.);
#405=ORIENTED_EDGE('',*,*,#781,.T.);
#406=ORIENTED_EDGE('',*,*,#715,.F.);
#407=ORIENTED_EDGE('',*,*,#784,.F.);
#408=ORIENTED_EDGE('',*,*,#769,.F.);
#409=ORIENTED_EDGE('',*,*,#783,.T.);
#410=ORIENTED_EDGE('',*,*,#666,.F.);
#411=ORIENTED_EDGE('',*,*,#785,.F.);
#412=ORIENTED_EDGE('',*,*,#718,.F.);
#413=ORIENTED_EDGE('',*,*,#784,.T.);
#414=ORIENTED_EDGE('',*,*,#714,.F.);
#415=ORIENTED_EDGE('',*,*,#786,.F.);
#416=ORIENTED_EDGE('',*,*,#678,.F.);
#417=ORIENTED_EDGE('',*,*,#785,.T.);
#418=ORIENTED_EDGE('',*,*,#731,.F.);
#419=ORIENTED_EDGE('',*,*,#787,.F.);
#420=ORIENTED_EDGE('',*,*,#719,.F.);
#421=ORIENTED_EDGE('',*,*,#786,.T.);
#422=ORIENTED_EDGE('',*,*,#713,.F.);
#423=ORIENTED_EDGE('',*,*,#788,.F.);
#424=ORIENTED_EDGE('',*,*,#747,.F.);
#425=ORIENTED_EDGE('',*,*,#787,.T.);
#426=ORIENTED_EDGE('',*,*,#670,.F.);
#427=ORIENTED_EDGE('',*,*,#789,.F.);
#428=ORIENTED_EDGE('',*,*,#720,.F.);
#429=ORIENTED_EDGE('',*,*,#788,.T.);
#430=ORIENTED_EDGE('',*,*,#712,.F.);
#431=ORIENTED_EDGE('',*,*,#790,.F.);
#432=ORIENTED_EDGE('',*,*,#646,.F.);
#433=ORIENTED_EDGE('',*,*,#789,.T.);
#434=ORIENTED_EDGE('',*,*,#686,.F.);
#435=ORIENTED_EDGE('',*,*,#791,.F.);
#436=ORIENTED_EDGE('',*,*,#721,.F.);
#437=ORIENTED_EDGE('',*,*,#790,.T.);
#438=ORIENTED_EDGE('',*,*,#711,.F.);
#439=ORIENTED_EDGE('',*,*,#792,.F.);
#440=ORIENTED_EDGE('',*,*,#741,.F.);
#441=ORIENTED_EDGE('',*,*,#791,.T.);
#442=ORIENTED_EDGE('',*,*,#654,.F.);
#443=ORIENTED_EDGE('',*,*,#793,.F.);
#444=ORIENTED_EDGE('',*,*,#722,.F.);
#445=ORIENTED_EDGE('',*,*,#792,.T.);
#446=ORIENTED_EDGE('',*,*,#710,.F.);
#447=ORIENTED_EDGE('',*,*,#794,.F.);
#448=ORIENTED_EDGE('',*,*,#642,.F.);
#449=ORIENTED_EDGE('',*,*,#793,.T.);
#450=ORIENTED_EDGE('',*,*,#737,.F.);
#451=ORIENTED_EDGE('',*,*,#795,.F.);
#452=ORIENTED_EDGE('',*,*,#707,.F.);
#453=ORIENTED_EDGE('',*,*,#794,.T.);
#454=ORIENTED_EDGE('',*,*,#709,.F.);
#455=ORIENTED_EDGE('',*,*,#796,.F.);
#456=ORIENTED_EDGE('',*,*,#744,.F.);
#457=ORIENTED_EDGE('',*,*,#795,.T.);
#458=ORIENTED_EDGE('',*,*,#658,.F.);
#459=ORIENTED_EDGE('',*,*,#796,.T.);
#460=ORIENTED_EDGE('',*,*,#708,.F.);
#461=ORIENTED_EDGE('',*,*,#797,.T.);
#462=ORIENTED_EDGE('',*,*,#798,.T.);
#463=ORIENTED_EDGE('',*,*,#799,.F.);
#464=ORIENTED_EDGE('',*,*,#800,.F.);
#465=ORIENTED_EDGE('',*,*,#799,.T.);
#466=ORIENTED_EDGE('',*,*,#801,.T.);
#467=ORIENTED_EDGE('',*,*,#802,.F.);
#468=ORIENTED_EDGE('',*,*,#803,.F.);
#469=ORIENTED_EDGE('',*,*,#802,.T.);
#470=ORIENTED_EDGE('',*,*,#804,.T.);
#471=ORIENTED_EDGE('',*,*,#805,.F.);
#472=ORIENTED_EDGE('',*,*,#806,.F.);
#473=ORIENTED_EDGE('',*,*,#807,.F.);
#474=ORIENTED_EDGE('',*,*,#808,.F.);
#475=ORIENTED_EDGE('',*,*,#809,.T.);
#476=ORIENTED_EDGE('',*,*,#810,.T.);
#477=ORIENTED_EDGE('',*,*,#811,.F.);
#478=ORIENTED_EDGE('',*,*,#812,.F.);
#479=ORIENTED_EDGE('',*,*,#813,.T.);
#480=ORIENTED_EDGE('',*,*,#808,.T.);
#481=ORIENTED_EDGE('',*,*,#814,.F.);
#482=ORIENTED_EDGE('',*,*,#815,.F.);
#483=ORIENTED_EDGE('',*,*,#816,.T.);
#484=ORIENTED_EDGE('',*,*,#812,.T.);
#485=ORIENTED_EDGE('',*,*,#817,.F.);
#486=ORIENTED_EDGE('',*,*,#810,.F.);
#487=ORIENTED_EDGE('',*,*,#818,.T.);
#488=ORIENTED_EDGE('',*,*,#815,.T.);
#489=ORIENTED_EDGE('',*,*,#805,.T.);
#490=ORIENTED_EDGE('',*,*,#819,.T.);
#491=ORIENTED_EDGE('',*,*,#797,.F.);
#492=ORIENTED_EDGE('',*,*,#820,.F.);
#493=ORIENTED_EDGE('',*,*,#809,.F.);
#494=ORIENTED_EDGE('',*,*,#813,.F.);
#495=ORIENTED_EDGE('',*,*,#816,.F.);
#496=ORIENTED_EDGE('',*,*,#818,.F.);
#497=ORIENTED_EDGE('',*,*,#800,.T.);
#498=ORIENTED_EDGE('',*,*,#803,.T.);
#499=ORIENTED_EDGE('',*,*,#806,.T.);
#500=ORIENTED_EDGE('',*,*,#820,.T.);
#501=ORIENTED_EDGE('',*,*,#807,.T.);
#502=ORIENTED_EDGE('',*,*,#817,.T.);
#503=ORIENTED_EDGE('',*,*,#814,.T.);
#504=ORIENTED_EDGE('',*,*,#811,.T.);
#505=ORIENTED_EDGE('',*,*,#821,.F.);
#506=ORIENTED_EDGE('',*,*,#706,.F.);
#507=ORIENTED_EDGE('',*,*,#822,.F.);
#508=ORIENTED_EDGE('',*,*,#804,.F.);
#509=ORIENTED_EDGE('',*,*,#822,.T.);
#510=ORIENTED_EDGE('',*,*,#705,.F.);
#511=ORIENTED_EDGE('',*,*,#823,.F.);
#512=ORIENTED_EDGE('',*,*,#819,.F.);
#513=ORIENTED_EDGE('',*,*,#821,.T.);
#514=ORIENTED_EDGE('',*,*,#801,.F.);
#515=ORIENTED_EDGE('',*,*,#824,.F.);
#516=ORIENTED_EDGE('',*,*,#703,.F.);
#517=ORIENTED_EDGE('',*,*,#823,.T.);
#518=ORIENTED_EDGE('',*,*,#704,.F.);
#519=ORIENTED_EDGE('',*,*,#824,.T.);
#520=ORIENTED_EDGE('',*,*,#798,.F.);
#521=ORIENTED_EDGE('',*,*,#825,.T.);
#522=ORIENTED_EDGE('',*,*,#687,.T.);
#523=ORIENTED_EDGE('',*,*,#826,.T.);
#524=ORIENTED_EDGE('',*,*,#688,.T.);
#525=ORIENTED_EDGE('',*,*,#827,.T.);
#526=ORIENTED_EDGE('',*,*,#828,.T.);
#527=ORIENTED_EDGE('',*,*,#829,.F.);
#528=ORIENTED_EDGE('',*,*,#689,.F.);
#529=ORIENTED_EDGE('',*,*,#829,.T.);
#530=ORIENTED_EDGE('',*,*,#830,.T.);
#531=ORIENTED_EDGE('',*,*,#831,.F.);
#532=ORIENTED_EDGE('',*,*,#690,.F.);
#533=ORIENTED_EDGE('',*,*,#831,.T.);
#534=ORIENTED_EDGE('',*,*,#832,.T.);
#535=ORIENTED_EDGE('',*,*,#833,.F.);
#536=ORIENTED_EDGE('',*,*,#691,.F.);
#537=ORIENTED_EDGE('',*,*,#833,.T.);
#538=ORIENTED_EDGE('',*,*,#834,.T.);
#539=ORIENTED_EDGE('',*,*,#827,.F.);
#540=ORIENTED_EDGE('',*,*,#692,.F.);
#541=ORIENTED_EDGE('',*,*,#825,.F.);
#542=ORIENTED_EDGE('',*,*,#697,.F.);
#543=ORIENTED_EDGE('',*,*,#826,.F.);
#544=ORIENTED_EDGE('',*,*,#698,.F.);
#545=ORIENTED_EDGE('',*,*,#835,.F.);
#546=ORIENTED_EDGE('',*,*,#696,.F.);
#547=ORIENTED_EDGE('',*,*,#836,.F.);
#548=ORIENTED_EDGE('',*,*,#830,.F.);
#549=ORIENTED_EDGE('',*,*,#836,.T.);
#550=ORIENTED_EDGE('',*,*,#695,.F.);
#551=ORIENTED_EDGE('',*,*,#837,.F.);
#552=ORIENTED_EDGE('',*,*,#832,.F.);
#553=ORIENTED_EDGE('',*,*,#835,.T.);
#554=ORIENTED_EDGE('',*,*,#828,.F.);
#555=ORIENTED_EDGE('',*,*,#838,.F.);
#556=ORIENTED_EDGE('',*,*,#693,.F.);
#557=ORIENTED_EDGE('',*,*,#837,.T.);
#558=ORIENTED_EDGE('',*,*,#694,.F.);
#559=ORIENTED_EDGE('',*,*,#838,.T.);
#560=ORIENTED_EDGE('',*,*,#834,.F.);
#561=ORIENTED_EDGE('',*,*,#775,.T.);
#562=ORIENTED_EDGE('',*,*,#663,.F.);
#563=ORIENTED_EDGE('',*,*,#839,.T.);
#564=ORIENTED_EDGE('',*,*,#840,.F.);
#565=ORIENTED_EDGE('',*,*,#841,.T.);
#566=ORIENTED_EDGE('',*,*,#679,.T.);
#567=ORIENTED_EDGE('',*,*,#772,.T.);
#568=ORIENTED_EDGE('',*,*,#675,.F.);
#569=ORIENTED_EDGE('',*,*,#842,.T.);
#570=ORIENTED_EDGE('',*,*,#843,.F.);
#571=ORIENTED_EDGE('',*,*,#844,.T.);
#572=ORIENTED_EDGE('',*,*,#643,.T.);
#573=ORIENTED_EDGE('',*,*,#774,.T.);
#574=ORIENTED_EDGE('',*,*,#651,.F.);
#575=ORIENTED_EDGE('',*,*,#845,.T.);
#576=ORIENTED_EDGE('',*,*,#846,.F.);
#577=ORIENTED_EDGE('',*,*,#847,.T.);
#578=ORIENTED_EDGE('',*,*,#667,.T.);
#579=ORIENTED_EDGE('',*,*,#773,.T.);
#580=ORIENTED_EDGE('',*,*,#639,.F.);
#581=ORIENTED_EDGE('',*,*,#848,.T.);
#582=ORIENTED_EDGE('',*,*,#849,.F.);
#583=ORIENTED_EDGE('',*,*,#850,.T.);
#584=ORIENTED_EDGE('',*,*,#655,.T.);
#585=ORIENTED_EDGE('',*,*,#680,.F.);
#586=ORIENTED_EDGE('',*,*,#841,.F.);
#587=ORIENTED_EDGE('',*,*,#851,.F.);
#588=ORIENTED_EDGE('',*,*,#851,.T.);
#589=ORIENTED_EDGE('',*,*,#840,.T.);
#590=ORIENTED_EDGE('',*,*,#852,.F.);
#591=ORIENTED_EDGE('',*,*,#733,.F.);
#592=ORIENTED_EDGE('',*,*,#839,.F.);
#593=ORIENTED_EDGE('',*,*,#662,.F.);
#594=ORIENTED_EDGE('',*,*,#852,.T.);
#595=ORIENTED_EDGE('',*,*,#668,.F.);
#596=ORIENTED_EDGE('',*,*,#847,.F.);
#597=ORIENTED_EDGE('',*,*,#853,.F.);
#598=ORIENTED_EDGE('',*,*,#853,.T.);
#599=ORIENTED_EDGE('',*,*,#846,.T.);
#600=ORIENTED_EDGE('',*,*,#854,.F.);
#601=ORIENTED_EDGE('',*,*,#685,.F.);
#602=ORIENTED_EDGE('',*,*,#845,.F.);
#603=ORIENTED_EDGE('',*,*,#650,.F.);
#604=ORIENTED_EDGE('',*,*,#854,.T.);
#605=ORIENTED_EDGE('',*,*,#656,.F.);
#606=ORIENTED_EDGE('',*,*,#850,.F.);
#607=ORIENTED_EDGE('',*,*,#855,.F.);
#608=ORIENTED_EDGE('',*,*,#855,.T.);
#609=ORIENTED_EDGE('',*,*,#849,.T.);
#610=ORIENTED_EDGE('',*,*,#856,.F.);
#611=ORIENTED_EDGE('',*,*,#743,.F.);
#612=ORIENTED_EDGE('',*,*,#848,.F.);
#613=ORIENTED_EDGE('',*,*,#638,.F.);
#614=ORIENTED_EDGE('',*,*,#856,.T.);
#615=ORIENTED_EDGE('',*,*,#644,.F.);
#616=ORIENTED_EDGE('',*,*,#844,.F.);
#617=ORIENTED_EDGE('',*,*,#857,.F.);
#618=ORIENTED_EDGE('',*,*,#857,.T.);
#619=ORIENTED_EDGE('',*,*,#843,.T.);
#620=ORIENTED_EDGE('',*,*,#858,.F.);
#621=ORIENTED_EDGE('',*,*,#746,.F.);
#622=ORIENTED_EDGE('',*,*,#842,.F.);
#623=ORIENTED_EDGE('',*,*,#674,.F.);
#624=ORIENTED_EDGE('',*,*,#858,.T.);
#625=EDGE_CURVE('',#859,#860,#1013,.T.);
#626=EDGE_CURVE('',#861,#860,#1014,.T.);
#627=EDGE_CURVE('',#861,#862,#1015,.T.);
#628=EDGE_CURVE('',#862,#859,#1016,.T.);
#629=EDGE_CURVE('',#860,#863,#1017,.T.);
#630=EDGE_CURVE('',#864,#863,#1018,.T.);
#631=EDGE_CURVE('',#864,#861,#1019,.T.);
#632=EDGE_CURVE('',#865,#859,#1020,.T.);
#633=EDGE_CURVE('',#862,#866,#1021,.T.);
#634=EDGE_CURVE('',#866,#865,#1022,.T.);
#635=EDGE_CURVE('',#863,#865,#1023,.T.);
#636=EDGE_CURVE('',#866,#864,#1024,.T.);
#637=EDGE_CURVE('',#867,#868,#1025,.T.);
#638=EDGE_CURVE('',#867,#869,#52,.F.);
#639=EDGE_CURVE('',#869,#870,#1026,.T.);
#640=EDGE_CURVE('',#871,#870,#53,.T.);
#641=EDGE_CURVE('',#871,#872,#1027,.T.);
#642=EDGE_CURVE('',#872,#868,#54,.F.);
#643=EDGE_CURVE('',#873,#874,#1028,.T.);
#644=EDGE_CURVE('',#873,#875,#55,.F.);
#645=EDGE_CURVE('',#876,#875,#1029,.F.);
#646=EDGE_CURVE('',#876,#877,#56,.F.);
#647=EDGE_CURVE('',#878,#877,#1030,.T.);
#648=EDGE_CURVE('',#874,#878,#57,.T.);
#649=EDGE_CURVE('',#879,#880,#1031,.T.);
#650=EDGE_CURVE('',#879,#881,#58,.F.);
#651=EDGE_CURVE('',#881,#882,#1032,.T.);
#652=EDGE_CURVE('',#883,#882,#59,.T.);
#653=EDGE_CURVE('',#883,#884,#1033,.T.);
#654=EDGE_CURVE('',#884,#880,#60,.F.);
#655=EDGE_CURVE('',#885,#886,#1034,.T.);
#656=EDGE_CURVE('',#885,#887,#61,.F.);
#657=EDGE_CURVE('',#888,#887,#1035,.F.);
#658=EDGE_CURVE('',#888,#889,#62,.F.);
#659=EDGE_CURVE('',#890,#889,#1036,.T.);
#660=EDGE_CURVE('',#886,#890,#63,.T.);
#661=EDGE_CURVE('',#891,#892,#1037,.T.);
#662=EDGE_CURVE('',#891,#893,#64,.F.);
#663=EDGE_CURVE('',#893,#894,#1038,.T.);
#664=EDGE_CURVE('',#895,#894,#65,.T.);
#665=EDGE_CURVE('',#895,#896,#1039,.T.);
#666=EDGE_CURVE('',#896,#892,#66,.F.);
#667=EDGE_CURVE('',#897,#898,#1040,.T.);
#668=EDGE_CURVE('',#897,#899,#67,.F.);
#669=EDGE_CURVE('',#900,#899,#1041,.F.);
#670=EDGE_CURVE('',#900,#901,#68,.F.);
#671=EDGE_CURVE('',#902,#901,#1042,.T.);
#672=EDGE_CURVE('',#898,#902,#69,.T.);
#673=EDGE_CURVE('',#903,#904,#1043,.T.);
#674=EDGE_CURVE('',#903,#905,#70,.F.);
#675=EDGE_CURVE('',#905,#906,#1044,.T.);
#676=EDGE_CURVE('',#907,#906,#71,.T.);
#677=EDGE_CURVE('',#907,#908,#1045,.T.);
#678=EDGE_CURVE('',#908,#904,#72,.F.);
#679=EDGE_CURVE('',#909,#910,#1046,.T.);
#680=EDGE_CURVE('',#909,#911,#73,.F.);
#681=EDGE_CURVE('',#912,#911,#1047,.F.);
#682=EDGE_CURVE('',#912,#913,#74,.F.);
#683=EDGE_CURVE('',#914,#913,#1048,.T.);
#684=EDGE_CURVE('',#910,#914,#75,.T.);
#685=EDGE_CURVE('',#899,#879,#1049,.T.);
#686=EDGE_CURVE('',#880,#900,#1050,.T.);
#687=EDGE_CURVE('',#915,#915,#76,.T.);
#688=EDGE_CURVE('',#916,#916,#77,.T.);
#689=EDGE_CURVE('',#917,#918,#1051,.T.);
#690=EDGE_CURVE('',#918,#919,#1052,.T.);
#691=EDGE_CURVE('',#919,#920,#1053,.T.);
#692=EDGE_CURVE('',#920,#917,#1054,.T.);
#693=EDGE_CURVE('',#921,#922,#1055,.T.);
#694=EDGE_CURVE('',#922,#923,#1056,.T.);
#695=EDGE_CURVE('',#923,#924,#1057,.T.);
#696=EDGE_CURVE('',#924,#921,#1058,.T.);
#697=EDGE_CURVE('',#925,#925,#78,.F.);
#698=EDGE_CURVE('',#926,#926,#79,.F.);
#699=EDGE_CURVE('',#927,#928,#1059,.T.);
#700=EDGE_CURVE('',#928,#929,#1060,.T.);
#701=EDGE_CURVE('',#930,#929,#1061,.T.);
#702=EDGE_CURVE('',#930,#927,#1062,.F.);
#703=EDGE_CURVE('',#931,#932,#1063,.T.);
#704=EDGE_CURVE('',#932,#933,#1064,.T.);
#705=EDGE_CURVE('',#933,#934,#1065,.T.);
#706=EDGE_CURVE('',#934,#931,#1066,.T.);
#707=EDGE_CURVE('',#935,#936,#80,.F.);
#708=EDGE_CURVE('',#936,#937,#81,.T.);
#709=EDGE_CURVE('',#937,#938,#1067,.T.);
#710=EDGE_CURVE('',#938,#939,#82,.T.);
#711=EDGE_CURVE('',#939,#940,#83,.F.);
#712=EDGE_CURVE('',#940,#941,#84,.T.);
#713=EDGE_CURVE('',#941,#942,#1068,.T.);
#714=EDGE_CURVE('',#942,#943,#85,.T.);
#715=EDGE_CURVE('',#943,#944,#86,.F.);
#716=EDGE_CURVE('',#944,#945,#87,.T.);
#717=EDGE_CURVE('',#945,#946,#1069,.T.);
#718=EDGE_CURVE('',#946,#947,#88,.T.);
#719=EDGE_CURVE('',#947,#948,#89,.F.);
#720=EDGE_CURVE('',#948,#949,#90,.T.);
#721=EDGE_CURVE('',#949,#950,#1070,.T.);
#722=EDGE_CURVE('',#950,#935,#91,.T.);
#723=EDGE_CURVE('',#951,#951,#92,.F.);
#724=EDGE_CURVE('',#952,#952,#93,.F.);
#725=EDGE_CURVE('',#953,#953,#94,.T.);
#726=EDGE_CURVE('',#954,#954,#95,.T.);
#727=EDGE_CURVE('',#955,#955,#96,.T.);
#728=EDGE_CURVE('',#956,#956,#97,.T.);
#729=EDGE_CURVE('',#957,#957,#98,.T.);
#730=EDGE_CURVE('',#958,#958,#99,.F.);
#731=EDGE_CURVE('',#901,#896,#100,.T.);
#732=EDGE_CURVE('',#895,#902,#101,.T.);
#733=EDGE_CURVE('',#911,#891,#1071,.T.);
#734=EDGE_CURVE('',#892,#912,#1072,.T.);
#735=EDGE_CURVE('',#959,#959,#102,.T.);
#736=EDGE_CURVE('',#960,#960,#103,.F.);
#737=EDGE_CURVE('',#889,#884,#104,.T.);
#738=EDGE_CURVE('',#883,#890,#105,.T.);
#739=EDGE_CURVE('',#961,#961,#106,.T.);
#740=EDGE_CURVE('',#962,#962,#107,.F.);
#741=EDGE_CURVE('',#877,#872,#108,.T.);
#742=EDGE_CURVE('',#871,#878,#109,.T.);
#743=EDGE_CURVE('',#887,#867,#1073,.T.);
#744=EDGE_CURVE('',#868,#888,#1074,.T.);
#745=EDGE_CURVE('',#963,#963,#110,.F.);
#746=EDGE_CURVE('',#875,#903,#1075,.T.);
#747=EDGE_CURVE('',#904,#876,#1076,.T.);
#748=EDGE_CURVE('',#964,#964,#111,.T.);
#749=EDGE_CURVE('',#965,#966,#1077,.T.);
#750=EDGE_CURVE('',#965,#967,#1078,.F.);
#751=EDGE_CURVE('',#967,#968,#1079,.T.);
#752=EDGE_CURVE('',#968,#966,#1080,.T.);
#753=EDGE_CURVE('',#969,#970,#1081,.T.);
#754=EDGE_CURVE('',#969,#971,#1082,.F.);
#755=EDGE_CURVE('',#971,#972,#1083,.T.);
#756=EDGE_CURVE('',#972,#970,#1084,.T.);
#757=EDGE_CURVE('',#973,#974,#1085,.T.);
#758=EDGE_CURVE('',#973,#975,#1086,.F.);
#759=EDGE_CURVE('',#975,#976,#1087,.T.);
#760=EDGE_CURVE('',#976,#974,#1088,.T.);
#761=EDGE_CURVE('',#967,#928,#112,.F.);
#762=EDGE_CURVE('',#927,#976,#113,.F.);
#763=EDGE_CURVE('',#975,#972,#114,.F.);
#764=EDGE_CURVE('',#971,#968,#115,.F.);
#765=EDGE_CURVE('',#929,#965,#116,.T.);
#766=EDGE_CURVE('',#966,#969,#117,.T.);
#767=EDGE_CURVE('',#970,#973,#118,.T.);
#768=EDGE_CURVE('',#974,#930,#119,.T.);
#769=EDGE_CURVE('',#913,#908,#120,.T.);
#770=EDGE_CURVE('',#907,#914,#121,.T.);
#771=EDGE_CURVE('',#977,#977,#122,.F.);
#772=EDGE_CURVE('',#874,#906,#1089,.T.);
#773=EDGE_CURVE('',#886,#870,#1090,.T.);
#774=EDGE_CURVE('',#898,#882,#1091,.T.);
#775=EDGE_CURVE('',#910,#894,#1092,.T.);
#776=EDGE_CURVE('',#978,#978,#123,.T.);
#777=EDGE_CURVE('',#979,#979,#124,.T.);
#778=EDGE_CURVE('',#980,#980,#125,.T.);
#779=EDGE_CURVE('',#981,#981,#126,.T.);
#780=EDGE_CURVE('',#982,#982,#127,.T.);
#781=EDGE_CURVE('',#913,#944,#1093,.T.);
#782=EDGE_CURVE('',#945,#912,#1094,.T.);
#783=EDGE_CURVE('',#946,#892,#1095,.T.);
#784=EDGE_CURVE('',#908,#943,#1096,.T.);
#785=EDGE_CURVE('',#947,#896,#1097,.T.);
#786=EDGE_CURVE('',#904,#942,#1098,.T.);
#787=EDGE_CURVE('',#948,#901,#1099,.T.);
#788=EDGE_CURVE('',#876,#941,#1100,.T.);
#789=EDGE_CURVE('',#949,#900,#1101,.T.);
#790=EDGE_CURVE('',#877,#940,#1102,.T.);
#791=EDGE_CURVE('',#950,#880,#1103,.T.);
#792=EDGE_CURVE('',#872,#939,#1104,.T.);
#793=EDGE_CURVE('',#935,#884,#1105,.T.);
#794=EDGE_CURVE('',#868,#938,#1106,.T.);
#795=EDGE_CURVE('',#936,#889,#1107,.T.);
#796=EDGE_CURVE('',#888,#937,#1108,.T.);
#797=EDGE_CURVE('',#983,#984,#1109,.T.);
#798=EDGE_CURVE('',#984,#985,#1110,.T.);
#799=EDGE_CURVE('',#986,#985,#1111,.T.);
#800=EDGE_CURVE('',#983,#986,#1112,.T.);
#801=EDGE_CURVE('',#985,#987,#1113,.T.);
#802=EDGE_CURVE('',#988,#987,#1114,.T.);
#803=EDGE_CURVE('',#986,#988,#1115,.T.);
#804=EDGE_CURVE('',#987,#989,#1116,.T.);
#805=EDGE_CURVE('',#990,#989,#1117,.T.);
#806=EDGE_CURVE('',#988,#990,#1118,.T.);
#807=EDGE_CURVE('',#991,#992,#1119,.T.);
#808=EDGE_CURVE('',#993,#991,#1120,.T.);
#809=EDGE_CURVE('',#993,#994,#1121,.T.);
#810=EDGE_CURVE('',#994,#992,#1122,.T.);
#811=EDGE_CURVE('',#995,#991,#1123,.T.);
#812=EDGE_CURVE('',#996,#995,#1124,.T.);
#813=EDGE_CURVE('',#996,#993,#1125,.T.);
#814=EDGE_CURVE('',#997,#995,#1126,.T.);
#815=EDGE_CURVE('',#998,#997,#1127,.T.);
#816=EDGE_CURVE('',#998,#996,#1128,.T.);
#817=EDGE_CURVE('',#992,#997,#1129,.T.);
#818=EDGE_CURVE('',#994,#998,#1130,.T.);
#819=EDGE_CURVE('',#989,#984,#1131,.T.);
#820=EDGE_CURVE('',#990,#983,#1132,.T.);
#821=EDGE_CURVE('',#931,#987,#1133,.T.);
#822=EDGE_CURVE('',#989,#934,#1134,.F.);
#823=EDGE_CURVE('',#984,#933,#1135,.F.);
#824=EDGE_CURVE('',#932,#985,#1136,.F.);
#825=EDGE_CURVE('',#999,#999,#128,.T.);
#826=EDGE_CURVE('',#1000,#1000,#129,.T.);
#827=EDGE_CURVE('',#917,#1001,#1137,.T.);
#828=EDGE_CURVE('',#1001,#1002,#1138,.T.);
#829=EDGE_CURVE('',#918,#1002,#1139,.T.);
#830=EDGE_CURVE('',#1002,#1003,#1140,.T.);
#831=EDGE_CURVE('',#919,#1003,#1141,.T.);
#832=EDGE_CURVE('',#1003,#1004,#1142,.T.);
#833=EDGE_CURVE('',#920,#1004,#1143,.T.);
#834=EDGE_CURVE('',#1004,#1001,#1144,.T.);
#835=EDGE_CURVE('',#921,#1002,#1145,.T.);
#836=EDGE_CURVE('',#1003,#924,#1146,.F.);
#837=EDGE_CURVE('',#1004,#923,#1147,.F.);
#838=EDGE_CURVE('',#922,#1001,#1148,.F.);
#839=EDGE_CURVE('',#893,#1005,#20,.T.);
#840=EDGE_CURVE('',#1006,#1005,#1149,.T.);
#841=EDGE_CURVE('',#1006,#909,#21,.T.);
#842=EDGE_CURVE('',#905,#1007,#22,.T.);
#843=EDGE_CURVE('',#1008,#1007,#1150,.T.);
#844=EDGE_CURVE('',#1008,#873,#23,.T.);
#845=EDGE_CURVE('',#881,#1009,#24,.T.);
#846=EDGE_CURVE('',#1010,#1009,#1151,.T.);
#847=EDGE_CURVE('',#1010,#897,#25,.T.);
#848=EDGE_CURVE('',#869,#1011,#26,.T.);
#849=EDGE_CURVE('',#1012,#1011,#1152,.T.);
#850=EDGE_CURVE('',#1012,#885,#27,.T.);
#851=EDGE_CURVE('',#911,#1006,#1153,.T.);
#852=EDGE_CURVE('',#891,#1005,#1154,.T.);
#853=EDGE_CURVE('',#899,#1010,#1155,.T.);
#854=EDGE_CURVE('',#879,#1009,#1156,.T.);
#855=EDGE_CURVE('',#887,#1012,#1157,.T.);
#856=EDGE_CURVE('',#867,#1011,#1158,.T.);
#857=EDGE_CURVE('',#875,#1008,#1159,.T.);
#858=EDGE_CURVE('',#903,#1007,#1160,.T.);
#859=VERTEX_POINT('',#2491);
#860=VERTEX_POINT('',#2492);
#861=VERTEX_POINT('',#2494);
#862=VERTEX_POINT('',#2496);
#863=VERTEX_POINT('',#2500);
#864=VERTEX_POINT('',#2502);
#865=VERTEX_POINT('',#2506);
#866=VERTEX_POINT('',#2508);
#867=VERTEX_POINT('',#2515);
#868=VERTEX_POINT('',#2516);
#869=VERTEX_POINT('',#2518);
#870=VERTEX_POINT('',#2520);
#871=VERTEX_POINT('',#2522);
#872=VERTEX_POINT('',#2524);
#873=VERTEX_POINT('',#2528);
#874=VERTEX_POINT('',#2529);
#875=VERTEX_POINT('',#2531);
#876=VERTEX_POINT('',#2533);
#877=VERTEX_POINT('',#2535);
#878=VERTEX_POINT('',#2537);
#879=VERTEX_POINT('',#2541);
#880=VERTEX_POINT('',#2542);
#881=VERTEX_POINT('',#2544);
#882=VERTEX_POINT('',#2546);
#883=VERTEX_POINT('',#2548);
#884=VERTEX_POINT('',#2550);
#885=VERTEX_POINT('',#2554);
#886=VERTEX_POINT('',#2555);
#887=VERTEX_POINT('',#2557);
#888=VERTEX_POINT('',#2559);
#889=VERTEX_POINT('',#2561);
#890=VERTEX_POINT('',#2563);
#891=VERTEX_POINT('',#2567);
#892=VERTEX_POINT('',#2568);
#893=VERTEX_POINT('',#2570);
#894=VERTEX_POINT('',#2572);
#895=VERTEX_POINT('',#2574);
#896=VERTEX_POINT('',#2576);
#897=VERTEX_POINT('',#2580);
#898=VERTEX_POINT('',#2581);
#899=VERTEX_POINT('',#2583);
#900=VERTEX_POINT('',#2585);
#901=VERTEX_POINT('',#2587);
#902=VERTEX_POINT('',#2589);
#903=VERTEX_POINT('',#2593);
#904=VERTEX_POINT('',#2594);
#905=VERTEX_POINT('',#2596);
#906=VERTEX_POINT('',#2598);
#907=VERTEX_POINT('',#2600);
#908=VERTEX_POINT('',#2602);
#909=VERTEX_POINT('',#2606);
#910=VERTEX_POINT('',#2607);
#911=VERTEX_POINT('',#2609);
#912=VERTEX_POINT('',#2611);
#913=VERTEX_POINT('',#2613);
#914=VERTEX_POINT('',#2615);
#915=VERTEX_POINT('',#2621);
#916=VERTEX_POINT('',#2623);
#917=VERTEX_POINT('',#2625);
#918=VERTEX_POINT('',#2626);
#919=VERTEX_POINT('',#2628);
#920=VERTEX_POINT('',#2630);
#921=VERTEX_POINT('',#2634);
#922=VERTEX_POINT('',#2635);
#923=VERTEX_POINT('',#2637);
#924=VERTEX_POINT('',#2639);
#925=VERTEX_POINT('',#2642);
#926=VERTEX_POINT('',#2644);
#927=VERTEX_POINT('',#2646);
#928=VERTEX_POINT('',#2647);
#929=VERTEX_POINT('',#2649);
#930=VERTEX_POINT('',#2651);
#931=VERTEX_POINT('',#2655);
#932=VERTEX_POINT('',#2656);
#933=VERTEX_POINT('',#2658);
#934=VERTEX_POINT('',#2660);
#935=VERTEX_POINT('',#2663);
#936=VERTEX_POINT('',#2664);
#937=VERTEX_POINT('',#2666);
#938=VERTEX_POINT('',#2668);
#939=VERTEX_POINT('',#2670);
#940=VERTEX_POINT('',#2672);
#941=VERTEX_POINT('',#2674);
#942=VERTEX_POINT('',#2676);
#943=VERTEX_POINT('',#2678);
#944=VERTEX_POINT('',#2680);
#945=VERTEX_POINT('',#2682);
#946=VERTEX_POINT('',#2684);
#947=VERTEX_POINT('',#2686);
#948=VERTEX_POINT('',#2688);
#949=VERTEX_POINT('',#2690);
#950=VERTEX_POINT('',#2692);
#951=VERTEX_POINT('',#2695);
#952=VERTEX_POINT('',#2697);
#953=VERTEX_POINT('',#2700);
#954=VERTEX_POINT('',#2703);
#955=VERTEX_POINT('',#2705);
#956=VERTEX_POINT('',#2709);
#957=VERTEX_POINT('',#2713);
#958=VERTEX_POINT('',#2715);
#959=VERTEX_POINT('',#2725);
#960=VERTEX_POINT('',#2727);
#961=VERTEX_POINT('',#2734);
#962=VERTEX_POINT('',#2736);
#963=VERTEX_POINT('',#2745);
#964=VERTEX_POINT('',#2751);
#965=VERTEX_POINT('',#2753);
#966=VERTEX_POINT('',#2754);
#967=VERTEX_POINT('',#2756);
#968=VERTEX_POINT('',#2758);
#969=VERTEX_POINT('',#2762);
#970=VERTEX_POINT('',#2763);
#971=VERTEX_POINT('',#2765);
#972=VERTEX_POINT('',#2767);
#973=VERTEX_POINT('',#2771);
#974=VERTEX_POINT('',#2772);
#975=VERTEX_POINT('',#2774);
#976=VERTEX_POINT('',#2776);
#977=VERTEX_POINT('',#2793);
#978=VERTEX_POINT('',#2800);
#979=VERTEX_POINT('',#2809);
#980=VERTEX_POINT('',#2811);
#981=VERTEX_POINT('',#2814);
#982=VERTEX_POINT('',#2817);
#983=VERTEX_POINT('',#2854);
#984=VERTEX_POINT('',#2855);
#985=VERTEX_POINT('',#2857);
#986=VERTEX_POINT('',#2859);
#987=VERTEX_POINT('',#2863);
#988=VERTEX_POINT('',#2865);
#989=VERTEX_POINT('',#2869);
#990=VERTEX_POINT('',#2871);
#991=VERTEX_POINT('',#2875);
#992=VERTEX_POINT('',#2876);
#993=VERTEX_POINT('',#2878);
#994=VERTEX_POINT('',#2880);
#995=VERTEX_POINT('',#2884);
#996=VERTEX_POINT('',#2886);
#997=VERTEX_POINT('',#2890);
#998=VERTEX_POINT('',#2892);
#999=VERTEX_POINT('',#2912);
#1000=VERTEX_POINT('',#2915);
#1001=VERTEX_POINT('',#2918);
#1002=VERTEX_POINT('',#2920);
#1003=VERTEX_POINT('',#2924);
#1004=VERTEX_POINT('',#2928);
#1005=VERTEX_POINT('',#2949);
#1006=VERTEX_POINT('',#2951);
#1007=VERTEX_POINT('',#2965);
#1008=VERTEX_POINT('',#2967);
#1009=VERTEX_POINT('',#2981);
#1010=VERTEX_POINT('',#2983);
#1011=VERTEX_POINT('',#2997);
#1012=VERTEX_POINT('',#2999);
#1013=LINE('',#2490,#1161);
#1014=LINE('',#2493,#1162);
#1015=LINE('',#2495,#1163);
#1016=LINE('',#2497,#1164);
#1017=LINE('',#2499,#1165);
#1018=LINE('',#2501,#1166);
#1019=LINE('',#2503,#1167);
#1020=LINE('',#2505,#1168);
#1021=LINE('',#2507,#1169);
#1022=LINE('',#2509,#1170);
#1023=LINE('',#2511,#1171);
#1024=LINE('',#2512,#1172);
#1025=LINE('',#2514,#1173);
#1026=LINE('',#2519,#1174);
#1027=LINE('',#2523,#1175);
#1028=LINE('',#2527,#1176);
#1029=LINE('',#2532,#1177);
#1030=LINE('',#2536,#1178);
#1031=LINE('',#2540,#1179);
#1032=LINE('',#2545,#1180);
#1033=LINE('',#2549,#1181);
#1034=LINE('',#2553,#1182);
#1035=LINE('',#2558,#1183);
#1036=LINE('',#2562,#1184);
#1037=LINE('',#2566,#1185);
#1038=LINE('',#2571,#1186);
#1039=LINE('',#2575,#1187);
#1040=LINE('',#2579,#1188);
#1041=LINE('',#2584,#1189);
#1042=LINE('',#2588,#1190);
#1043=LINE('',#2592,#1191);
#1044=LINE('',#2597,#1192);
#1045=LINE('',#2601,#1193);
#1046=LINE('',#2605,#1194);
#1047=LINE('',#2610,#1195);
#1048=LINE('',#2614,#1196);
#1049=LINE('',#2618,#1197);
#1050=LINE('',#2619,#1198);
#1051=LINE('',#2624,#1199);
#1052=LINE('',#2627,#1200);
#1053=LINE('',#2629,#1201);
#1054=LINE('',#2631,#1202);
#1055=LINE('',#2633,#1203);
#1056=LINE('',#2636,#1204);
#1057=LINE('',#2638,#1205);
#1058=LINE('',#2640,#1206);
#1059=LINE('',#2645,#1207);
#1060=LINE('',#2648,#1208);
#1061=LINE('',#2650,#1209);
#1062=LINE('',#2652,#1210);
#1063=LINE('',#2654,#1211);
#1064=LINE('',#2657,#1212);
#1065=LINE('',#2659,#1213);
#1066=LINE('',#2661,#1214);
#1067=LINE('',#2667,#1215);
#1068=LINE('',#2675,#1216);
#1069=LINE('',#2683,#1217);
#1070=LINE('',#2691,#1218);
#1071=LINE('',#2721,#1219);
#1072=LINE('',#2722,#1220);
#1073=LINE('',#2742,#1221);
#1074=LINE('',#2743,#1222);
#1075=LINE('',#2747,#1223);
#1076=LINE('',#2748,#1224);
#1077=LINE('',#2752,#1225);
#1078=LINE('',#2755,#1226);
#1079=LINE('',#2757,#1227);
#1080=LINE('',#2759,#1228);
#1081=LINE('',#2761,#1229);
#1082=LINE('',#2764,#1230);
#1083=LINE('',#2766,#1231);
#1084=LINE('',#2768,#1232);
#1085=LINE('',#2770,#1233);
#1086=LINE('',#2773,#1234);
#1087=LINE('',#2775,#1235);
#1088=LINE('',#2777,#1236);
#1089=LINE('',#2794,#1237);
#1090=LINE('',#2795,#1238);
#1091=LINE('',#2796,#1239);
#1092=LINE('',#2797,#1240);
#1093=LINE('',#2821,#1241);
#1094=LINE('',#2822,#1242);
#1095=LINE('',#2824,#1243);
#1096=LINE('',#2826,#1244);
#1097=LINE('',#2828,#1245);
#1098=LINE('',#2830,#1246);
#1099=LINE('',#2832,#1247);
#1100=LINE('',#2834,#1248);
#1101=LINE('',#2836,#1249);
#1102=LINE('',#2838,#1250);
#1103=LINE('',#2840,#1251);
#1104=LINE('',#2842,#1252);
#1105=LINE('',#2844,#1253);
#1106=LINE('',#2846,#1254);
#1107=LINE('',#2848,#1255);
#1108=LINE('',#2850,#1256);
#1109=LINE('',#2853,#1257);
#1110=LINE('',#2856,#1258);
#1111=LINE('',#2858,#1259);
#1112=LINE('',#2860,#1260);
#1113=LINE('',#2862,#1261);
#1114=LINE('',#2864,#1262);
#1115=LINE('',#2866,#1263);
#1116=LINE('',#2868,#1264);
#1117=LINE('',#2870,#1265);
#1118=LINE('',#2872,#1266);
#1119=LINE('',#2874,#1267);
#1120=LINE('',#2877,#1268);
#1121=LINE('',#2879,#1269);
#1122=LINE('',#2881,#1270);
#1123=LINE('',#2883,#1271);
#1124=LINE('',#2885,#1272);
#1125=LINE('',#2887,#1273);
#1126=LINE('',#2889,#1274);
#1127=LINE('',#2891,#1275);
#1128=LINE('',#2893,#1276);
#1129=LINE('',#2895,#1277);
#1130=LINE('',#2896,#1278);
#1131=LINE('',#2898,#1279);
#1132=LINE('',#2899,#1280);
#1133=LINE('',#2903,#1281);
#1134=LINE('',#2904,#1282);
#1135=LINE('',#2906,#1283);
#1136=LINE('',#2908,#1284);
#1137=LINE('',#2917,#1285);
#1138=LINE('',#2919,#1286);
#1139=LINE('',#2921,#1287);
#1140=LINE('',#2923,#1288);
#1141=LINE('',#2925,#1289);
#1142=LINE('',#2927,#1290);
#1143=LINE('',#2929,#1291);
#1144=LINE('',#2931,#1292);
#1145=LINE('',#2935,#1293);
#1146=LINE('',#2936,#1294);
#1147=LINE('',#2938,#1295);
#1148=LINE('',#2940,#1296);
#1149=LINE('',#2950,#1297);
#1150=LINE('',#2966,#1298);
#1151=LINE('',#2982,#1299);
#1152=LINE('',#2998,#1300);
#1153=LINE('',#3007,#1301);
#1154=LINE('',#3009,#1302);
#1155=LINE('',#3012,#1303);
#1156=LINE('',#3014,#1304);
#1157=LINE('',#3017,#1305);
#1158=LINE('',#3019,#1306);
#1159=LINE('',#3022,#1307);
#1160=LINE('',#3024,#1308);
#1161=VECTOR('',#1968,1000.);
#1162=VECTOR('',#1969,1000.);
#1163=VECTOR('',#1970,1000.);
#1164=VECTOR('',#1971,1000.);
#1165=VECTOR('',#1974,1000.);
#1166=VECTOR('',#1975,1000.);
#1167=VECTOR('',#1976,1000.);
#1168=VECTOR('',#1979,1000.);
#1169=VECTOR('',#1980,1000.);
#1170=VECTOR('',#1981,1000.);
#1171=VECTOR('',#1984,1000.);
#1172=VECTOR('',#1985,1000.);
#1173=VECTOR('',#1988,1000.);
#1174=VECTOR('',#1991,1000.);
#1175=VECTOR('',#1994,1000.);
#1176=VECTOR('',#1999,1000.);
#1177=VECTOR('',#2002,1000.);
#1178=VECTOR('',#2005,1000.);
#1179=VECTOR('',#2010,1000.);
#1180=VECTOR('',#2013,1000.);
#1181=VECTOR('',#2016,1000.);
#1182=VECTOR('',#2021,1000.);
#1183=VECTOR('',#2024,1000.);
#1184=VECTOR('',#2027,1000.);
#1185=VECTOR('',#2032,1000.);
#1186=VECTOR('',#2035,1000.);
#1187=VECTOR('',#2038,1000.);
#1188=VECTOR('',#2043,1000.);
#1189=VECTOR('',#2046,1000.);
#1190=VECTOR('',#2049,1000.);
#1191=VECTOR('',#2054,1000.);
#1192=VECTOR('',#2057,1000.);
#1193=VECTOR('',#2060,1000.);
#1194=VECTOR('',#2065,1000.);
#1195=VECTOR('',#2068,1000.);
#1196=VECTOR('',#2071,1000.);
#1197=VECTOR('',#2076,1000.);
#1198=VECTOR('',#2077,1000.);
#1199=VECTOR('',#2082,1000.);
#1200=VECTOR('',#2083,1000.);
#1201=VECTOR('',#2084,1000.);
#1202=VECTOR('',#2085,1000.);
#1203=VECTOR('',#2088,1000.);
#1204=VECTOR('',#2089,1000.);
#1205=VECTOR('',#2090,1000.);
#1206=VECTOR('',#2091,1000.);
#1207=VECTOR('',#2096,1000.);
#1208=VECTOR('',#2097,1000.);
#1209=VECTOR('',#2098,1000.);
#1210=VECTOR('',#2099,1000.);
#1211=VECTOR('',#2102,1000.);
#1212=VECTOR('',#2103,1000.);
#1213=VECTOR('',#2104,1000.);
#1214=VECTOR('',#2105,1000.);
#1215=VECTOR('',#2110,1000.);
#1216=VECTOR('',#2117,1000.);
#1217=VECTOR('',#2124,1000.);
#1218=VECTOR('',#2131,1000.);
#1219=VECTOR('',#2172,1000.);
#1220=VECTOR('',#2173,1000.);
#1221=VECTOR('',#2204,1000.);
#1222=VECTOR('',#2205,1000.);
#1223=VECTOR('',#2210,1000.);
#1224=VECTOR('',#2211,1000.);
#1225=VECTOR('',#2216,1000.);
#1226=VECTOR('',#2217,1000.);
#1227=VECTOR('',#2218,1000.);
#1228=VECTOR('',#2219,1000.);
#1229=VECTOR('',#2222,1000.);
#1230=VECTOR('',#2223,1000.);
#1231=VECTOR('',#2224,1000.);
#1232=VECTOR('',#2225,1000.);
#1233=VECTOR('',#2228,1000.);
#1234=VECTOR('',#2229,1000.);
#1235=VECTOR('',#2230,1000.);
#1236=VECTOR('',#2231,1000.);
#1237=VECTOR('',#2262,1000.);
#1238=VECTOR('',#2263,1000.);
#1239=VECTOR('',#2264,1000.);
#1240=VECTOR('',#2265,1000.);
#1241=VECTOR('',#2302,1000.);
#1242=VECTOR('',#2303,1000.);
#1243=VECTOR('',#2306,1000.);
#1244=VECTOR('',#2309,1000.);
#1245=VECTOR('',#2312,1000.);
#1246=VECTOR('',#2315,1000.);
#1247=VECTOR('',#2318,1000.);
#1248=VECTOR('',#2321,1000.);
#1249=VECTOR('',#2324,1000.);
#1250=VECTOR('',#2327,1000.);
#1251=VECTOR('',#2330,1000.);
#1252=VECTOR('',#2333,1000.);
#1253=VECTOR('',#2336,1000.);
#1254=VECTOR('',#2339,1000.);
#1255=VECTOR('',#2342,1000.);
#1256=VECTOR('',#2345,1000.);
#1257=VECTOR('',#2350,1000.);
#1258=VECTOR('',#2351,1000.);
#1259=VECTOR('',#2352,1000.);
#1260=VECTOR('',#2353,1000.);
#1261=VECTOR('',#2356,1000.);
#1262=VECTOR('',#2357,1000.);
#1263=VECTOR('',#2358,1000.);
#1264=VECTOR('',#2361,1000.);
#1265=VECTOR('',#2362,1000.);
#1266=VECTOR('',#2363,1000.);
#1267=VECTOR('',#2366,1000.);
#1268=VECTOR('',#2367,1000.);
#1269=VECTOR('',#2368,1000.);
#1270=VECTOR('',#2369,1000.);
#1271=VECTOR('',#2372,1000.);
#1272=VECTOR('',#2373,1000.);
#1273=VECTOR('',#2374,1000.);
#1274=VECTOR('',#2377,1000.);
#1275=VECTOR('',#2378,1000.);
#1276=VECTOR('',#2379,1000.);
#1277=VECTOR('',#2382,1000.);
#1278=VECTOR('',#2383,1000.);
#1279=VECTOR('',#2386,1000.);
#1280=VECTOR('',#2387,1000.);
#1281=VECTOR('',#2394,1000.);
#1282=VECTOR('',#2395,1000.);
#1283=VECTOR('',#2398,1000.);
#1284=VECTOR('',#2401,1000.);
#1285=VECTOR('',#2414,1000.);
#1286=VECTOR('',#2415,1000.);
#1287=VECTOR('',#2416,1000.);
#1288=VECTOR('',#2419,1000.);
#1289=VECTOR('',#2420,1000.);
#1290=VECTOR('',#2423,1000.);
#1291=VECTOR('',#2424,1000.);
#1292=VECTOR('',#2427,1000.);
#1293=VECTOR('',#2434,1000.);
#1294=VECTOR('',#2435,1000.);
#1295=VECTOR('',#2438,1000.);
#1296=VECTOR('',#2441,1000.);
#1297=VECTOR('',#2446,1000.);
#1298=VECTOR('',#2449,1000.);
#1299=VECTOR('',#2452,1000.);
#1300=VECTOR('',#2455,1000.);
#1301=VECTOR('',#2458,1000.);
#1302=VECTOR('',#2461,1000.);
#1303=VECTOR('',#2466,1000.);
#1304=VECTOR('',#2469,1000.);
#1305=VECTOR('',#2474,1000.);
#1306=VECTOR('',#2477,1000.);
#1307=VECTOR('',#2482,1000.);
#1308=VECTOR('',#2485,1000.);
#1309=EDGE_LOOP('',(#157,#158,#159,#160));
#1310=EDGE_LOOP('',(#161,#162,#163,#164));
#1311=EDGE_LOOP('',(#165,#166,#167,#168));
#1312=EDGE_LOOP('',(#169,#170,#171,#172));
#1313=EDGE_LOOP('',(#173,#174,#175,#176,#177,#178));
#1314=EDGE_LOOP('',(#179,#180,#181,#182,#183,#184));
#1315=EDGE_LOOP('',(#185,#186,#187,#188,#189,#190));
#1316=EDGE_LOOP('',(#191,#192,#193,#194,#195,#196));
#1317=EDGE_LOOP('',(#197,#198,#199,#200,#201,#202));
#1318=EDGE_LOOP('',(#203,#204,#205,#206,#207,#208));
#1319=EDGE_LOOP('',(#209,#210,#211,#212,#213,#214));
#1320=EDGE_LOOP('',(#215,#216,#217,#218,#219,#220));
#1321=EDGE_LOOP('',(#221,#222,#223,#224));
#1322=EDGE_LOOP('',(#225));
#1323=EDGE_LOOP('',(#226));
#1324=EDGE_LOOP('',(#227,#228,#229,#230));
#1325=EDGE_LOOP('',(#231,#232,#233,#234));
#1326=EDGE_LOOP('',(#235));
#1327=EDGE_LOOP('',(#236));
#1328=EDGE_LOOP('',(#237,#238,#239,#240));
#1329=EDGE_LOOP('',(#241,#242,#243,#244));
#1330=EDGE_LOOP('',(#245,#246,#247,#248,#249,#250,#251,#252,#253,#254,#255,
#256,#257,#258,#259,#260));
#1331=EDGE_LOOP('',(#261));
#1332=EDGE_LOOP('',(#262));
#1333=EDGE_LOOP('',(#263));
#1334=EDGE_LOOP('',(#264));
#1335=EDGE_LOOP('',(#265));
#1336=EDGE_LOOP('',(#266));
#1337=EDGE_LOOP('',(#267));
#1338=EDGE_LOOP('',(#268));
#1339=EDGE_LOOP('',(#269));
#1340=EDGE_LOOP('',(#270));
#1341=EDGE_LOOP('',(#271));
#1342=EDGE_LOOP('',(#272));
#1343=EDGE_LOOP('',(#273));
#1344=EDGE_LOOP('',(#274));
#1345=EDGE_LOOP('',(#275,#276,#277,#278));
#1346=EDGE_LOOP('',(#279,#280,#281,#282));
#1347=EDGE_LOOP('',(#283));
#1348=EDGE_LOOP('',(#284));
#1349=EDGE_LOOP('',(#285));
#1350=EDGE_LOOP('',(#286,#287,#288,#289));
#1351=EDGE_LOOP('',(#290));
#1352=EDGE_LOOP('',(#291));
#1353=EDGE_LOOP('',(#292));
#1354=EDGE_LOOP('',(#293,#294,#295,#296));
#1355=EDGE_LOOP('',(#297,#298,#299,#300));
#1356=EDGE_LOOP('',(#301));
#1357=EDGE_LOOP('',(#302,#303,#304,#305));
#1358=EDGE_LOOP('',(#306));
#1359=EDGE_LOOP('',(#307,#308,#309,#310));
#1360=EDGE_LOOP('',(#311,#312,#313,#314));
#1361=EDGE_LOOP('',(#315,#316,#317,#318));
#1362=EDGE_LOOP('',(#319,#320,#321,#322,#323,#324,#325,#326));
#1363=EDGE_LOOP('',(#327,#328,#329,#330));
#1364=EDGE_LOOP('',(#331,#332,#333,#334,#335,#336,#337,#338));
#1365=EDGE_LOOP('',(#339,#340,#341,#342));
#1366=EDGE_LOOP('',(#343,#344,#345,#346));
#1367=EDGE_LOOP('',(#347));
#1368=EDGE_LOOP('',(#348,#349,#350,#351,#352,#353,#354,#355,#356,#357,#358,
#359,#360,#361,#362,#363));
#1369=EDGE_LOOP('',(#364));
#1370=EDGE_LOOP('',(#365));
#1371=EDGE_LOOP('',(#366));
#1372=EDGE_LOOP('',(#367));
#1373=EDGE_LOOP('',(#368));
#1374=EDGE_LOOP('',(#369));
#1375=EDGE_LOOP('',(#370));
#1376=EDGE_LOOP('',(#371));
#1377=EDGE_LOOP('',(#372,#373,#374,#375));
#1378=EDGE_LOOP('',(#376,#377,#378,#379));
#1379=EDGE_LOOP('',(#380,#381,#382,#383));
#1380=EDGE_LOOP('',(#384,#385,#386,#387));
#1381=EDGE_LOOP('',(#388));
#1382=EDGE_LOOP('',(#389));
#1383=EDGE_LOOP('',(#390));
#1384=EDGE_LOOP('',(#391));
#1385=EDGE_LOOP('',(#392));
#1386=EDGE_LOOP('',(#393));
#1387=EDGE_LOOP('',(#394));
#1388=EDGE_LOOP('',(#395));
#1389=EDGE_LOOP('',(#396));
#1390=EDGE_LOOP('',(#397,#398,#399,#400));
#1391=EDGE_LOOP('',(#401,#402,#403,#404));
#1392=EDGE_LOOP('',(#405,#406,#407,#408));
#1393=EDGE_LOOP('',(#409,#410,#411,#412));
#1394=EDGE_LOOP('',(#413,#414,#415,#416));
#1395=EDGE_LOOP('',(#417,#418,#419,#420));
#1396=EDGE_LOOP('',(#421,#422,#423,#424));
#1397=EDGE_LOOP('',(#425,#426,#427,#428));
#1398=EDGE_LOOP('',(#429,#430,#431,#432));
#1399=EDGE_LOOP('',(#433,#434,#435,#436));
#1400=EDGE_LOOP('',(#437,#438,#439,#440));
#1401=EDGE_LOOP('',(#441,#442,#443,#444));
#1402=EDGE_LOOP('',(#445,#446,#447,#448));
#1403=EDGE_LOOP('',(#449,#450,#451,#452));
#1404=EDGE_LOOP('',(#453,#454,#455,#456));
#1405=EDGE_LOOP('',(#457,#458,#459,#460));
#1406=EDGE_LOOP('',(#461,#462,#463,#464));
#1407=EDGE_LOOP('',(#465,#466,#467,#468));
#1408=EDGE_LOOP('',(#469,#470,#471,#472));
#1409=EDGE_LOOP('',(#473,#474,#475,#476));
#1410=EDGE_LOOP('',(#477,#478,#479,#480));
#1411=EDGE_LOOP('',(#481,#482,#483,#484));
#1412=EDGE_LOOP('',(#485,#486,#487,#488));
#1413=EDGE_LOOP('',(#489,#490,#491,#492));
#1414=EDGE_LOOP('',(#493,#494,#495,#496));
#1415=EDGE_LOOP('',(#497,#498,#499,#500));
#1416=EDGE_LOOP('',(#501,#502,#503,#504));
#1417=EDGE_LOOP('',(#505,#506,#507,#508));
#1418=EDGE_LOOP('',(#509,#510,#511,#512));
#1419=EDGE_LOOP('',(#513,#514,#515,#516));
#1420=EDGE_LOOP('',(#517,#518,#519,#520));
#1421=EDGE_LOOP('',(#521));
#1422=EDGE_LOOP('',(#522));
#1423=EDGE_LOOP('',(#523));
#1424=EDGE_LOOP('',(#524));
#1425=EDGE_LOOP('',(#525,#526,#527,#528));
#1426=EDGE_LOOP('',(#529,#530,#531,#532));
#1427=EDGE_LOOP('',(#533,#534,#535,#536));
#1428=EDGE_LOOP('',(#537,#538,#539,#540));
#1429=EDGE_LOOP('',(#541));
#1430=EDGE_LOOP('',(#542));
#1431=EDGE_LOOP('',(#543));
#1432=EDGE_LOOP('',(#544));
#1433=EDGE_LOOP('',(#545,#546,#547,#548));
#1434=EDGE_LOOP('',(#549,#550,#551,#552));
#1435=EDGE_LOOP('',(#553,#554,#555,#556));
#1436=EDGE_LOOP('',(#557,#558,#559,#560));
#1437=EDGE_LOOP('',(#561,#562,#563,#564,#565,#566));
#1438=EDGE_LOOP('',(#567,#568,#569,#570,#571,#572));
#1439=EDGE_LOOP('',(#573,#574,#575,#576,#577,#578));
#1440=EDGE_LOOP('',(#579,#580,#581,#582,#583,#584));
#1441=EDGE_LOOP('',(#585,#586,#587));
#1442=EDGE_LOOP('',(#588,#589,#590,#591));
#1443=EDGE_LOOP('',(#592,#593,#594));
#1444=EDGE_LOOP('',(#595,#596,#597));
#1445=EDGE_LOOP('',(#598,#599,#600,#601));
#1446=EDGE_LOOP('',(#602,#603,#604));
#1447=EDGE_LOOP('',(#605,#606,#607));
#1448=EDGE_LOOP('',(#608,#609,#610,#611));
#1449=EDGE_LOOP('',(#612,#613,#614));
#1450=EDGE_LOOP('',(#615,#616,#617));
#1451=EDGE_LOOP('',(#618,#619,#620,#621));
#1452=EDGE_LOOP('',(#622,#623,#624));
#1453=FACE_BOUND('',#1309,.T.);
#1454=FACE_BOUND('',#1310,.T.);
#1455=FACE_BOUND('',#1311,.T.);
#1456=FACE_BOUND('',#1312,.T.);
#1457=FACE_BOUND('',#1313,.T.);
#1458=FACE_BOUND('',#1314,.T.);
#1459=FACE_BOUND('',#1315,.T.);
#1460=FACE_BOUND('',#1316,.T.);
#1461=FACE_BOUND('',#1317,.T.);
#1462=FACE_BOUND('',#1318,.T.);
#1463=FACE_BOUND('',#1319,.T.);
#1464=FACE_BOUND('',#1320,.T.);
#1465=FACE_BOUND('',#1321,.T.);
#1466=FACE_BOUND('',#1322,.T.);
#1467=FACE_BOUND('',#1323,.T.);
#1468=FACE_BOUND('',#1324,.T.);
#1469=FACE_BOUND('',#1325,.T.);
#1470=FACE_BOUND('',#1326,.T.);
#1471=FACE_BOUND('',#1327,.T.);
#1472=FACE_BOUND('',#1328,.T.);
#1473=FACE_BOUND('',#1329,.T.);
#1474=FACE_BOUND('',#1330,.T.);
#1475=FACE_BOUND('',#1331,.T.);
#1476=FACE_BOUND('',#1332,.T.);
#1477=FACE_BOUND('',#1333,.T.);
#1478=FACE_BOUND('',#1334,.T.);
#1479=FACE_BOUND('',#1335,.T.);
#1480=FACE_BOUND('',#1336,.T.);
#1481=FACE_BOUND('',#1337,.T.);
#1482=FACE_BOUND('',#1338,.T.);
#1483=FACE_BOUND('',#1339,.T.);
#1484=FACE_BOUND('',#1340,.T.);
#1485=FACE_BOUND('',#1341,.T.);
#1486=FACE_BOUND('',#1342,.T.);
#1487=FACE_BOUND('',#1343,.T.);
#1488=FACE_BOUND('',#1344,.T.);
#1489=FACE_BOUND('',#1345,.T.);
#1490=FACE_BOUND('',#1346,.T.);
#1491=FACE_BOUND('',#1347,.T.);
#1492=FACE_BOUND('',#1348,.T.);
#1493=FACE_BOUND('',#1349,.T.);
#1494=FACE_BOUND('',#1350,.T.);
#1495=FACE_BOUND('',#1351,.T.);
#1496=FACE_BOUND('',#1352,.T.);
#1497=FACE_BOUND('',#1353,.T.);
#1498=FACE_BOUND('',#1354,.T.);
#1499=FACE_BOUND('',#1355,.T.);
#1500=FACE_BOUND('',#1356,.T.);
#1501=FACE_BOUND('',#1357,.T.);
#1502=FACE_BOUND('',#1358,.T.);
#1503=FACE_BOUND('',#1359,.T.);
#1504=FACE_BOUND('',#1360,.T.);
#1505=FACE_BOUND('',#1361,.T.);
#1506=FACE_BOUND('',#1362,.T.);
#1507=FACE_BOUND('',#1363,.T.);
#1508=FACE_BOUND('',#1364,.T.);
#1509=FACE_BOUND('',#1365,.T.);
#1510=FACE_BOUND('',#1366,.T.);
#1511=FACE_BOUND('',#1367,.T.);
#1512=FACE_BOUND('',#1368,.T.);
#1513=FACE_BOUND('',#1369,.T.);
#1514=FACE_BOUND('',#1370,.T.);
#1515=FACE_BOUND('',#1371,.T.);
#1516=FACE_BOUND('',#1372,.T.);
#1517=FACE_BOUND('',#1373,.T.);
#1518=FACE_BOUND('',#1374,.T.);
#1519=FACE_BOUND('',#1375,.T.);
#1520=FACE_BOUND('',#1376,.T.);
#1521=FACE_BOUND('',#1377,.T.);
#1522=FACE_BOUND('',#1378,.T.);
#1523=FACE_BOUND('',#1379,.T.);
#1524=FACE_BOUND('',#1380,.T.);
#1525=FACE_BOUND('',#1381,.T.);
#1526=FACE_BOUND('',#1382,.T.);
#1527=FACE_BOUND('',#1383,.T.);
#1528=FACE_BOUND('',#1384,.T.);
#1529=FACE_BOUND('',#1385,.T.);
#1530=FACE_BOUND('',#1386,.T.);
#1531=FACE_BOUND('',#1387,.T.);
#1532=FACE_BOUND('',#1388,.T.);
#1533=FACE_BOUND('',#1389,.T.);
#1534=FACE_BOUND('',#1390,.T.);
#1535=FACE_BOUND('',#1391,.T.);
#1536=FACE_BOUND('',#1392,.T.);
#1537=FACE_BOUND('',#1393,.T.);
#1538=FACE_BOUND('',#1394,.T.);
#1539=FACE_BOUND('',#1395,.T.);
#1540=FACE_BOUND('',#1396,.T.);
#1541=FACE_BOUND('',#1397,.T.);
#1542=FACE_BOUND('',#1398,.T.);
#1543=FACE_BOUND('',#1399,.T.);
#1544=FACE_BOUND('',#1400,.T.);
#1545=FACE_BOUND('',#1401,.T.);
#1546=FACE_BOUND('',#1402,.T.);
#1547=FACE_BOUND('',#1403,.T.);
#1548=FACE_BOUND('',#1404,.T.);
#1549=FACE_BOUND('',#1405,.T.);
#1550=FACE_BOUND('',#1406,.T.);
#1551=FACE_BOUND('',#1407,.T.);
#1552=FACE_BOUND('',#1408,.T.);
#1553=FACE_BOUND('',#1409,.T.);
#1554=FACE_BOUND('',#1410,.T.);
#1555=FACE_BOUND('',#1411,.T.);
#1556=FACE_BOUND('',#1412,.T.);
#1557=FACE_BOUND('',#1413,.T.);
#1558=FACE_BOUND('',#1414,.T.);
#1559=FACE_BOUND('',#1415,.T.);
#1560=FACE_BOUND('',#1416,.T.);
#1561=FACE_BOUND('',#1417,.T.);
#1562=FACE_BOUND('',#1418,.T.);
#1563=FACE_BOUND('',#1419,.T.);
#1564=FACE_BOUND('',#1420,.T.);
#1565=FACE_BOUND('',#1421,.T.);
#1566=FACE_BOUND('',#1422,.T.);
#1567=FACE_BOUND('',#1423,.T.);
#1568=FACE_BOUND('',#1424,.T.);
#1569=FACE_BOUND('',#1425,.T.);
#1570=FACE_BOUND('',#1426,.T.);
#1571=FACE_BOUND('',#1427,.T.);
#1572=FACE_BOUND('',#1428,.T.);
#1573=FACE_BOUND('',#1429,.T.);
#1574=FACE_BOUND('',#1430,.T.);
#1575=FACE_BOUND('',#1431,.T.);
#1576=FACE_BOUND('',#1432,.T.);
#1577=FACE_BOUND('',#1433,.T.);
#1578=FACE_BOUND('',#1434,.T.);
#1579=FACE_BOUND('',#1435,.T.);
#1580=FACE_BOUND('',#1436,.T.);
#1581=FACE_BOUND('',#1437,.T.);
#1582=FACE_BOUND('',#1438,.T.);
#1583=FACE_BOUND('',#1439,.T.);
#1584=FACE_BOUND('',#1440,.T.);
#1585=FACE_BOUND('',#1441,.T.);
#1586=FACE_BOUND('',#1442,.T.);
#1587=FACE_BOUND('',#1443,.T.);
#1588=FACE_BOUND('',#1444,.T.);
#1589=FACE_BOUND('',#1445,.T.);
#1590=FACE_BOUND('',#1446,.T.);
#1591=FACE_BOUND('',#1447,.T.);
#1592=FACE_BOUND('',#1448,.T.);
#1593=FACE_BOUND('',#1449,.T.);
#1594=FACE_BOUND('',#1450,.T.);
#1595=FACE_BOUND('',#1451,.T.);
#1596=FACE_BOUND('',#1452,.T.);
#1597=PLANE('',#1777);
#1598=PLANE('',#1778);
#1599=PLANE('',#1779);
#1600=PLANE('',#1780);
#1601=PLANE('',#1813);
#1602=PLANE('',#1816);
#1603=PLANE('',#1819);
#1604=PLANE('',#1839);
#1605=PLANE('',#1842);
#1606=PLANE('',#1846);
#1607=PLANE('',#1850);
#1608=PLANE('',#1854);
#1609=PLANE('',#1861);
#1610=PLANE('',#1865);
#1611=PLANE('',#1867);
#1612=PLANE('',#1868);
#1613=PLANE('',#1870);
#1614=PLANE('',#1871);
#1615=PLANE('',#1872);
#1616=PLANE('',#1877);
#1617=PLANE('',#1885);
#1618=PLANE('',#1889);
#1619=PLANE('',#1898);
#1620=PLANE('',#1902);
#1621=PLANE('',#1905);
#1622=PLANE('',#1910);
#1623=PLANE('',#1913);
#1624=PLANE('',#1918);
#1625=PLANE('',#1920);
#1626=PLANE('',#1921);
#1627=PLANE('',#1922);
#1628=PLANE('',#1923);
#1629=PLANE('',#1924);
#1630=PLANE('',#1925);
#1631=PLANE('',#1926);
#1632=PLANE('',#1927);
#1633=PLANE('',#1928);
#1634=PLANE('',#1929);
#1635=PLANE('',#1930);
#1636=PLANE('',#1931);
#1637=PLANE('',#1932);
#1638=PLANE('',#1933);
#1639=PLANE('',#1938);
#1640=PLANE('',#1939);
#1641=PLANE('',#1940);
#1642=PLANE('',#1941);
#1643=PLANE('',#1944);
#1644=PLANE('',#1945);
#1645=PLANE('',#1946);
#1646=PLANE('',#1947);
#1647=PLANE('',#1948);
#1648=PLANE('',#1949);
#1649=PLANE('',#1950);
#1650=PLANE('',#1951);
#1651=PLANE('',#1953);
#1652=PLANE('',#1956);
#1653=PLANE('',#1959);
#1654=PLANE('',#1962);
#1655=ADVANCED_FACE('',(#1453),#1597,.T.);
#1656=ADVANCED_FACE('',(#1454),#1598,.T.);
#1657=ADVANCED_FACE('',(#1455),#1599,.T.);
#1658=ADVANCED_FACE('',(#1456),#1600,.T.);
#1659=ADVANCED_FACE('',(#1457),#130,.F.);
#1660=ADVANCED_FACE('',(#1458),#131,.F.);
#1661=ADVANCED_FACE('',(#1459),#132,.F.);
#1662=ADVANCED_FACE('',(#1460),#133,.F.);
#1663=ADVANCED_FACE('',(#1461),#134,.F.);
#1664=ADVANCED_FACE('',(#1462),#135,.F.);
#1665=ADVANCED_FACE('',(#1463),#136,.F.);
#1666=ADVANCED_FACE('',(#1464),#137,.F.);
#1667=ADVANCED_FACE('',(#1465,#1466,#1467,#1468),#1601,.T.);
#1668=ADVANCED_FACE('',(#1469,#1470,#1471,#1472),#1602,.T.);
#1669=ADVANCED_FACE('',(#1473,#1474,#1475,#1476),#1603,.T.);
#1670=ADVANCED_FACE('',(#1477,#1478),#28,.T.);
#1671=ADVANCED_FACE('',(#1479,#1480),#138,.F.);
#1672=ADVANCED_FACE('',(#1481),#1604,.F.);
#1673=ADVANCED_FACE('',(#1482,#1483),#139,.T.);
#1674=ADVANCED_FACE('',(#1484,#1485),#1605,.F.);
#1675=ADVANCED_FACE('',(#1486,#1487),#140,.F.);
#1676=ADVANCED_FACE('',(#1488),#1606,.F.);
#1677=ADVANCED_FACE('',(#1489),#141,.T.);
#1678=ADVANCED_FACE('',(#1490),#1607,.T.);
#1679=ADVANCED_FACE('',(#1491,#1492),#142,.F.);
#1680=ADVANCED_FACE('',(#1493),#1608,.F.);
#1681=ADVANCED_FACE('',(#1494),#143,.T.);
#1682=ADVANCED_FACE('',(#1495,#1496),#144,.F.);
#1683=ADVANCED_FACE('',(#1497),#1609,.F.);
#1684=ADVANCED_FACE('',(#1498),#145,.T.);
#1685=ADVANCED_FACE('',(#1499,#1500),#1610,.T.);
#1686=ADVANCED_FACE('',(#1501),#1611,.T.);
#1687=ADVANCED_FACE('',(#1502,#1503),#1612,.T.);
#1688=ADVANCED_FACE('',(#1504),#1613,.T.);
#1689=ADVANCED_FACE('',(#1505),#1614,.T.);
#1690=ADVANCED_FACE('',(#1506),#1615,.F.);
#1691=ADVANCED_FACE('',(#1507,#1508),#1616,.T.);
#1692=ADVANCED_FACE('',(#1509),#146,.T.);
#1693=ADVANCED_FACE('',(#1510,#1511,#1512,#1513,#1514,#1515),#1617,.F.);
#1694=ADVANCED_FACE('',(#1516,#1517),#147,.F.);
#1695=ADVANCED_FACE('',(#1518),#1618,.F.);
#1696=ADVANCED_FACE('',(#1519,#1520),#148,.F.);
#1697=ADVANCED_FACE('',(#1521),#149,.T.);
#1698=ADVANCED_FACE('',(#1522),#150,.T.);
#1699=ADVANCED_FACE('',(#1523),#151,.T.);
#1700=ADVANCED_FACE('',(#1524),#152,.T.);
#1701=ADVANCED_FACE('',(#1525,#1526),#153,.T.);
#1702=ADVANCED_FACE('',(#1527,#1528),#1619,.F.);
#1703=ADVANCED_FACE('',(#1529,#1530),#154,.F.);
#1704=ADVANCED_FACE('',(#1531),#1620,.F.);
#1705=ADVANCED_FACE('',(#1532,#1533),#29,.T.);
#1706=ADVANCED_FACE('',(#1534),#30,.F.);
#1707=ADVANCED_FACE('',(#1535),#1621,.T.);
#1708=ADVANCED_FACE('',(#1536),#31,.T.);
#1709=ADVANCED_FACE('',(#1537),#32,.F.);
#1710=ADVANCED_FACE('',(#1538),#33,.F.);
#1711=ADVANCED_FACE('',(#1539),#34,.T.);
#1712=ADVANCED_FACE('',(#1540),#1622,.T.);
#1713=ADVANCED_FACE('',(#1541),#35,.F.);
#1714=ADVANCED_FACE('',(#1542),#36,.F.);
#1715=ADVANCED_FACE('',(#1543),#1623,.T.);
#1716=ADVANCED_FACE('',(#1544),#37,.T.);
#1717=ADVANCED_FACE('',(#1545),#38,.F.);
#1718=ADVANCED_FACE('',(#1546),#39,.F.);
#1719=ADVANCED_FACE('',(#1547),#40,.T.);
#1720=ADVANCED_FACE('',(#1548),#1624,.T.);
#1721=ADVANCED_FACE('',(#1549),#41,.F.);
#1722=ADVANCED_FACE('',(#1550),#1625,.F.);
#1723=ADVANCED_FACE('',(#1551),#1626,.F.);
#1724=ADVANCED_FACE('',(#1552),#1627,.F.);
#1725=ADVANCED_FACE('',(#1553),#1628,.T.);
#1726=ADVANCED_FACE('',(#1554),#1629,.T.);
#1727=ADVANCED_FACE('',(#1555),#1630,.T.);
#1728=ADVANCED_FACE('',(#1556),#1631,.T.);
#1729=ADVANCED_FACE('',(#1557),#1632,.F.);
#1730=ADVANCED_FACE('',(#1558,#1559),#1633,.T.);
#1731=ADVANCED_FACE('',(#1560),#1634,.T.);
#1732=ADVANCED_FACE('',(#1561),#1635,.F.);
#1733=ADVANCED_FACE('',(#1562),#1636,.F.);
#1734=ADVANCED_FACE('',(#1563),#1637,.F.);
#1735=ADVANCED_FACE('',(#1564),#1638,.F.);
#1736=ADVANCED_FACE('',(#1565,#1566),#155,.F.);
#1737=ADVANCED_FACE('',(#1567,#1568),#156,.F.);
#1738=ADVANCED_FACE('',(#1569),#1639,.F.);
#1739=ADVANCED_FACE('',(#1570),#1640,.F.);
#1740=ADVANCED_FACE('',(#1571),#1641,.F.);
#1741=ADVANCED_FACE('',(#1572),#1642,.F.);
#1742=ADVANCED_FACE('',(#1573,#1574),#42,.F.);
#1743=ADVANCED_FACE('',(#1575,#1576),#43,.F.);
#1744=ADVANCED_FACE('',(#1577),#1643,.T.);
#1745=ADVANCED_FACE('',(#1578),#1644,.T.);
#1746=ADVANCED_FACE('',(#1579),#1645,.T.);
#1747=ADVANCED_FACE('',(#1580),#1646,.T.);
#1748=ADVANCED_FACE('',(#1581),#1647,.F.);
#1749=ADVANCED_FACE('',(#1582),#1648,.F.);
#1750=ADVANCED_FACE('',(#1583),#1649,.F.);
#1751=ADVANCED_FACE('',(#1584),#1650,.F.);
#1752=ADVANCED_FACE('',(#1585),#44,.F.);
#1753=ADVANCED_FACE('',(#1586),#1651,.T.);
#1754=ADVANCED_FACE('',(#1587),#45,.F.);
#1755=ADVANCED_FACE('',(#1588),#46,.F.);
#1756=ADVANCED_FACE('',(#1589),#1652,.T.);
#1757=ADVANCED_FACE('',(#1590),#47,.F.);
#1758=ADVANCED_FACE('',(#1591),#48,.F.);
#1759=ADVANCED_FACE('',(#1592),#1653,.T.);
#1760=ADVANCED_FACE('',(#1593),#49,.F.);
#1761=ADVANCED_FACE('',(#1594),#50,.F.);
#1762=ADVANCED_FACE('',(#1595),#1654,.T.);
#1763=ADVANCED_FACE('',(#1596),#51,.F.);
#1764=CLOSED_SHELL('',(#1655,#1656,#1657,#1658,#1659,#1660,#1661,#1662,
#1663,#1664,#1665,#1666,#1667,#1668,#1669,#1670,#1671,#1672,#1673,#1674,
#1675,#1676,#1677,#1678,#1679,#1680,#1681,#1682,#1683,#1684,#1685,#1686,
#1687,#1688,#1689,#1690,#1691,#1692,#1693,#1694,#1695,#1696,#1697,#1698,
#1699,#1700,#1701,#1702,#1703,#1704,#1705,#1706,#1707,#1708,#1709,#1710,
#1711,#1712,#1713,#1714,#1715,#1716,#1717,#1718,#1719,#1720,#1721,#1722,
#1723,#1724,#1725,#1726,#1727,#1728,#1729,#1730,#1731,#1732,#1733,#1734,
#1735,#1736,#1737,#1738,#1739,#1740,#1741,#1742,#1743,#1744,#1745,#1746,
#1747,#1748,#1749,#1750,#1751,#1752,#1753,#1754,#1755,#1756,#1757,#1758,
#1759,#1760,#1761,#1762,#1763));
#1765=STYLED_ITEM('',(#1766),#1773);
#1766=PRESENTATION_STYLE_ASSIGNMENT((#1767));
#1767=SURFACE_STYLE_USAGE(.BOTH.,#1768);
#1768=SURFACE_SIDE_STYLE('',(#1769));
#1769=SURFACE_STYLE_FILL_AREA(#1770);
#1770=FILL_AREA_STYLE('',(#1771));
#1771=FILL_AREA_STYLE_COLOUR('',#1772);
#1772=COLOUR_RGB('',0.506983280181885,0.531564235687256,0.550000011920929);
#1773=MANIFOLD_SOLID_BREP('',#1764);
#1774=SHAPE_DEFINITION_REPRESENTATION(#3032,#1775);
#1775=SHAPE_REPRESENTATION('box',(#1776),#3027);
#1776=AXIS2_PLACEMENT_3D('',#2488,#1964,#1965);
#1777=AXIS2_PLACEMENT_3D('',#2489,#1966,#1967);
#1778=AXIS2_PLACEMENT_3D('',#2498,#1972,#1973);
#1779=AXIS2_PLACEMENT_3D('',#2504,#1977,#1978);
#1780=AXIS2_PLACEMENT_3D('',#2510,#1982,#1983);
#1781=AXIS2_PLACEMENT_3D('',#2513,#1986,#1987);
#1782=AXIS2_PLACEMENT_3D('',#2517,#1989,#1990);
#1783=AXIS2_PLACEMENT_3D('',#2521,#1992,#1993);
#1784=AXIS2_PLACEMENT_3D('',#2525,#1995,#1996);
#1785=AXIS2_PLACEMENT_3D('',#2526,#1997,#1998);
#1786=AXIS2_PLACEMENT_3D('',#2530,#2000,#2001);
#1787=AXIS2_PLACEMENT_3D('',#2534,#2003,#2004);
#1788=AXIS2_PLACEMENT_3D('',#2538,#2006,#2007);
#1789=AXIS2_PLACEMENT_3D('',#2539,#2008,#2009);
#1790=AXIS2_PLACEMENT_3D('',#2543,#2011,#2012);
#1791=AXIS2_PLACEMENT_3D('',#2547,#2014,#2015);
#1792=AXIS2_PLACEMENT_3D('',#2551,#2017,#2018);
#1793=AXIS2_PLACEMENT_3D('',#2552,#2019,#2020);
#1794=AXIS2_PLACEMENT_3D('',#2556,#2022,#2023);
#1795=AXIS2_PLACEMENT_3D('',#2560,#2025,#2026);
#1796=AXIS2_PLACEMENT_3D('',#2564,#2028,#2029);
#1797=AXIS2_PLACEMENT_3D('',#2565,#2030,#2031);
#1798=AXIS2_PLACEMENT_3D('',#2569,#2033,#2034);
#1799=AXIS2_PLACEMENT_3D('',#2573,#2036,#2037);
#1800=AXIS2_PLACEMENT_3D('',#2577,#2039,#2040);
#1801=AXIS2_PLACEMENT_3D('',#2578,#2041,#2042);
#1802=AXIS2_PLACEMENT_3D('',#2582,#2044,#2045);
#1803=AXIS2_PLACEMENT_3D('',#2586,#2047,#2048);
#1804=AXIS2_PLACEMENT_3D('',#2590,#2050,#2051);
#1805=AXIS2_PLACEMENT_3D('',#2591,#2052,#2053);
#1806=AXIS2_PLACEMENT_3D('',#2595,#2055,#2056);
#1807=AXIS2_PLACEMENT_3D('',#2599,#2058,#2059);
#1808=AXIS2_PLACEMENT_3D('',#2603,#2061,#2062);
#1809=AXIS2_PLACEMENT_3D('',#2604,#2063,#2064);
#1810=AXIS2_PLACEMENT_3D('',#2608,#2066,#2067);
#1811=AXIS2_PLACEMENT_3D('',#2612,#2069,#2070);
#1812=AXIS2_PLACEMENT_3D('',#2616,#2072,#2073);
#1813=AXIS2_PLACEMENT_3D('',#2617,#2074,#2075);
#1814=AXIS2_PLACEMENT_3D('',#2620,#2078,#2079);
#1815=AXIS2_PLACEMENT_3D('',#2622,#2080,#2081);
#1816=AXIS2_PLACEMENT_3D('',#2632,#2086,#2087);
#1817=AXIS2_PLACEMENT_3D('',#2641,#2092,#2093);
#1818=AXIS2_PLACEMENT_3D('',#2643,#2094,#2095);
#1819=AXIS2_PLACEMENT_3D('',#2653,#2100,#2101);
#1820=AXIS2_PLACEMENT_3D('',#2662,#2106,#2107);
#1821=AXIS2_PLACEMENT_3D('',#2665,#2108,#2109);
#1822=AXIS2_PLACEMENT_3D('',#2669,#2111,#2112);
#1823=AXIS2_PLACEMENT_3D('',#2671,#2113,#2114);
#1824=AXIS2_PLACEMENT_3D('',#2673,#2115,#2116);
#1825=AXIS2_PLACEMENT_3D('',#2677,#2118,#2119);
#1826=AXIS2_PLACEMENT_3D('',#2679,#2120,#2121);
#1827=AXIS2_PLACEMENT_3D('',#2681,#2122,#2123);
#1828=AXIS2_PLACEMENT_3D('',#2685,#2125,#2126);
#1829=AXIS2_PLACEMENT_3D('',#2687,#2127,#2128);
#1830=AXIS2_PLACEMENT_3D('',#2689,#2129,#2130);
#1831=AXIS2_PLACEMENT_3D('',#2693,#2132,#2133);
#1832=AXIS2_PLACEMENT_3D('',#2694,#2134,#2135);
#1833=AXIS2_PLACEMENT_3D('',#2696,#2136,#2137);
#1834=AXIS2_PLACEMENT_3D('',#2698,#2138,#2139);
#1835=AXIS2_PLACEMENT_3D('',#2699,#2140,#2141);
#1836=AXIS2_PLACEMENT_3D('',#2701,#2142,#2143);
#1837=AXIS2_PLACEMENT_3D('',#2702,#2144,#2145);
#1838=AXIS2_PLACEMENT_3D('',#2704,#2146,#2147);
#1839=AXIS2_PLACEMENT_3D('',#2706,#2148,#2149);
#1840=AXIS2_PLACEMENT_3D('',#2707,#2150,#2151);
#1841=AXIS2_PLACEMENT_3D('',#2708,#2152,#2153);
#1842=AXIS2_PLACEMENT_3D('',#2710,#2154,#2155);
#1843=AXIS2_PLACEMENT_3D('',#2711,#2156,#2157);
#1844=AXIS2_PLACEMENT_3D('',#2712,#2158,#2159);
#1845=AXIS2_PLACEMENT_3D('',#2714,#2160,#2161);
#1846=AXIS2_PLACEMENT_3D('',#2716,#2162,#2163);
#1847=AXIS2_PLACEMENT_3D('',#2717,#2164,#2165);
#1848=AXIS2_PLACEMENT_3D('',#2718,#2166,#2167);
#1849=AXIS2_PLACEMENT_3D('',#2719,#2168,#2169);
#1850=AXIS2_PLACEMENT_3D('',#2720,#2170,#2171);
#1851=AXIS2_PLACEMENT_3D('',#2723,#2174,#2175);
#1852=AXIS2_PLACEMENT_3D('',#2724,#2176,#2177);
#1853=AXIS2_PLACEMENT_3D('',#2726,#2178,#2179);
#1854=AXIS2_PLACEMENT_3D('',#2728,#2180,#2181);
#1855=AXIS2_PLACEMENT_3D('',#2729,#2182,#2183);
#1856=AXIS2_PLACEMENT_3D('',#2730,#2184,#2185);
#1857=AXIS2_PLACEMENT_3D('',#2731,#2186,#2187);
#1858=AXIS2_PLACEMENT_3D('',#2732,#2188,#2189);
#1859=AXIS2_PLACEMENT_3D('',#2733,#2190,#2191);
#1860=AXIS2_PLACEMENT_3D('',#2735,#2192,#2193);
#1861=AXIS2_PLACEMENT_3D('',#2737,#2194,#2195);
#1862=AXIS2_PLACEMENT_3D('',#2738,#2196,#2197);
#1863=AXIS2_PLACEMENT_3D('',#2739,#2198,#2199);
#1864=AXIS2_PLACEMENT_3D('',#2740,#2200,#2201);
#1865=AXIS2_PLACEMENT_3D('',#2741,#2202,#2203);
#1866=AXIS2_PLACEMENT_3D('',#2744,#2206,#2207);
#1867=AXIS2_PLACEMENT_3D('',#2746,#2208,#2209);
#1868=AXIS2_PLACEMENT_3D('',#2749,#2212,#2213);
#1869=AXIS2_PLACEMENT_3D('',#2750,#2214,#2215);
#1870=AXIS2_PLACEMENT_3D('',#2760,#2220,#2221);
#1871=AXIS2_PLACEMENT_3D('',#2769,#2226,#2227);
#1872=AXIS2_PLACEMENT_3D('',#2778,#2232,#2233);
#1873=AXIS2_PLACEMENT_3D('',#2779,#2234,#2235);
#1874=AXIS2_PLACEMENT_3D('',#2780,#2236,#2237);
#1875=AXIS2_PLACEMENT_3D('',#2781,#2238,#2239);
#1876=AXIS2_PLACEMENT_3D('',#2782,#2240,#2241);
#1877=AXIS2_PLACEMENT_3D('',#2783,#2242,#2243);
#1878=AXIS2_PLACEMENT_3D('',#2784,#2244,#2245);
#1879=AXIS2_PLACEMENT_3D('',#2785,#2246,#2247);
#1880=AXIS2_PLACEMENT_3D('',#2786,#2248,#2249);
#1881=AXIS2_PLACEMENT_3D('',#2787,#2250,#2251);
#1882=AXIS2_PLACEMENT_3D('',#2788,#2252,#2253);
#1883=AXIS2_PLACEMENT_3D('',#2789,#2254,#2255);
#1884=AXIS2_PLACEMENT_3D('',#2790,#2256,#2257);
#1885=AXIS2_PLACEMENT_3D('',#2791,#2258,#2259);
#1886=AXIS2_PLACEMENT_3D('',#2792,#2260,#2261);
#1887=AXIS2_PLACEMENT_3D('',#2798,#2266,#2267);
#1888=AXIS2_PLACEMENT_3D('',#2799,#2268,#2269);
#1889=AXIS2_PLACEMENT_3D('',#2801,#2270,#2271);
#1890=AXIS2_PLACEMENT_3D('',#2802,#2272,#2273);
#1891=AXIS2_PLACEMENT_3D('',#2803,#2274,#2275);
#1892=AXIS2_PLACEMENT_3D('',#2804,#2276,#2277);
#1893=AXIS2_PLACEMENT_3D('',#2805,#2278,#2279);
#1894=AXIS2_PLACEMENT_3D('',#2806,#2280,#2281);
#1895=AXIS2_PLACEMENT_3D('',#2807,#2282,#2283);
#1896=AXIS2_PLACEMENT_3D('',#2808,#2284,#2285);
#1897=AXIS2_PLACEMENT_3D('',#2810,#2286,#2287);
#1898=AXIS2_PLACEMENT_3D('',#2812,#2288,#2289);
#1899=AXIS2_PLACEMENT_3D('',#2813,#2290,#2291);
#1900=AXIS2_PLACEMENT_3D('',#2815,#2292,#2293);
#1901=AXIS2_PLACEMENT_3D('',#2816,#2294,#2295);
#1902=AXIS2_PLACEMENT_3D('',#2818,#2296,#2297);
#1903=AXIS2_PLACEMENT_3D('',#2819,#2298,#2299);
#1904=AXIS2_PLACEMENT_3D('',#2820,#2300,#2301);
#1905=AXIS2_PLACEMENT_3D('',#2823,#2304,#2305);
#1906=AXIS2_PLACEMENT_3D('',#2825,#2307,#2308);
#1907=AXIS2_PLACEMENT_3D('',#2827,#2310,#2311);
#1908=AXIS2_PLACEMENT_3D('',#2829,#2313,#2314);
#1909=AXIS2_PLACEMENT_3D('',#2831,#2316,#2317);
#1910=AXIS2_PLACEMENT_3D('',#2833,#2319,#2320);
#1911=AXIS2_PLACEMENT_3D('',#2835,#2322,#2323);
#1912=AXIS2_PLACEMENT_3D('',#2837,#2325,#2326);
#1913=AXIS2_PLACEMENT_3D('',#2839,#2328,#2329);
#1914=AXIS2_PLACEMENT_3D('',#2841,#2331,#2332);
#1915=AXIS2_PLACEMENT_3D('',#2843,#2334,#2335);
#1916=AXIS2_PLACEMENT_3D('',#2845,#2337,#2338);
#1917=AXIS2_PLACEMENT_3D('',#2847,#2340,#2341);
#1918=AXIS2_PLACEMENT_3D('',#2849,#2343,#2344);
#1919=AXIS2_PLACEMENT_3D('',#2851,#2346,#2347);
#1920=AXIS2_PLACEMENT_3D('',#2852,#2348,#2349);
#1921=AXIS2_PLACEMENT_3D('',#2861,#2354,#2355);
#1922=AXIS2_PLACEMENT_3D('',#2867,#2359,#2360);
#1923=AXIS2_PLACEMENT_3D('',#2873,#2364,#2365);
#1924=AXIS2_PLACEMENT_3D('',#2882,#2370,#2371);
#1925=AXIS2_PLACEMENT_3D('',#2888,#2375,#2376);
#1926=AXIS2_PLACEMENT_3D('',#2894,#2380,#2381);
#1927=AXIS2_PLACEMENT_3D('',#2897,#2384,#2385);
#1928=AXIS2_PLACEMENT_3D('',#2900,#2388,#2389);
#1929=AXIS2_PLACEMENT_3D('',#2901,#2390,#2391);
#1930=AXIS2_PLACEMENT_3D('',#2902,#2392,#2393);
#1931=AXIS2_PLACEMENT_3D('',#2905,#2396,#2397);
#1932=AXIS2_PLACEMENT_3D('',#2907,#2399,#2400);
#1933=AXIS2_PLACEMENT_3D('',#2909,#2402,#2403);
#1934=AXIS2_PLACEMENT_3D('',#2910,#2404,#2405);
#1935=AXIS2_PLACEMENT_3D('',#2911,#2406,#2407);
#1936=AXIS2_PLACEMENT_3D('',#2913,#2408,#2409);
#1937=AXIS2_PLACEMENT_3D('',#2914,#2410,#2411);
#1938=AXIS2_PLACEMENT_3D('',#2916,#2412,#2413);
#1939=AXIS2_PLACEMENT_3D('',#2922,#2417,#2418);
#1940=AXIS2_PLACEMENT_3D('',#2926,#2421,#2422);
#1941=AXIS2_PLACEMENT_3D('',#2930,#2425,#2426);
#1942=AXIS2_PLACEMENT_3D('',#2932,#2428,#2429);
#1943=AXIS2_PLACEMENT_3D('',#2933,#2430,#2431);
#1944=AXIS2_PLACEMENT_3D('',#2934,#2432,#2433);
#1945=AXIS2_PLACEMENT_3D('',#2937,#2436,#2437);
#1946=AXIS2_PLACEMENT_3D('',#2939,#2439,#2440);
#1947=AXIS2_PLACEMENT_3D('',#2941,#2442,#2443);
#1948=AXIS2_PLACEMENT_3D('',#2942,#2444,#2445);
#1949=AXIS2_PLACEMENT_3D('',#2958,#2447,#2448);
#1950=AXIS2_PLACEMENT_3D('',#2974,#2450,#2451);
#1951=AXIS2_PLACEMENT_3D('',#2990,#2453,#2454);
#1952=AXIS2_PLACEMENT_3D('',#3006,#2456,#2457);
#1953=AXIS2_PLACEMENT_3D('',#3008,#2459,#2460);
#1954=AXIS2_PLACEMENT_3D('',#3010,#2462,#2463);
#1955=AXIS2_PLACEMENT_3D('',#3011,#2464,#2465);
#1956=AXIS2_PLACEMENT_3D('',#3013,#2467,#2468);
#1957=AXIS2_PLACEMENT_3D('',#3015,#2470,#2471);
#1958=AXIS2_PLACEMENT_3D('',#3016,#2472,#2473);
#1959=AXIS2_PLACEMENT_3D('',#3018,#2475,#2476);
#1960=AXIS2_PLACEMENT_3D('',#3020,#2478,#2479);
#1961=AXIS2_PLACEMENT_3D('',#3021,#2480,#2481);
#1962=AXIS2_PLACEMENT_3D('',#3023,#2483,#2484);
#1963=AXIS2_PLACEMENT_3D('',#3025,#2486,#2487);
#1964=DIRECTION('',(0.,0.,1.));
#1965=DIRECTION('',(1.,0.,0.));
#1966=DIRECTION('',(-1.21734980770302E-16,1.,0.));
#1967=DIRECTION('',(-1.,-1.21734980770302E-16,0.));
#1968=DIRECTION('',(-1.,1.22464679914735E-16,0.));
#1969=DIRECTION('',(0.,0.,-1.));
#1970=DIRECTION('',(1.,1.21734980770302E-16,0.));
#1971=DIRECTION('',(0.,0.,-1.));
#1972=DIRECTION('',(1.,2.43469961540605E-16,0.));
#1973=DIRECTION('',(-2.43469961540605E-16,1.,0.));
#1974=DIRECTION('',(0.,1.,0.));
#1975=DIRECTION('',(0.,0.,-1.));
#1976=DIRECTION('',(2.43469961540605E-16,-1.,0.));
#1977=DIRECTION('',(-1.,0.,0.));
#1978=DIRECTION('',(0.,0.,1.));
#1979=DIRECTION('',(-1.83697019872103E-16,-1.,0.));
#1980=DIRECTION('',(0.,1.,0.));
#1981=DIRECTION('',(0.,0.,-1.));
#1982=DIRECTION('',(1.21734980770302E-16,-1.,0.));
#1983=DIRECTION('',(1.,1.21734980770302E-16,0.));
#1984=DIRECTION('',(1.,0.,0.));
#1985=DIRECTION('',(-1.,-1.21734980770302E-16,0.));
#1986=DIRECTION('',(0.,0.,1.));
#1987=DIRECTION('',(1.,0.,0.));
#1988=DIRECTION('',(0.,0.,-1.));
#1989=DIRECTION('',(0.,0.,-1.));
#1990=DIRECTION('',(-1.,0.,0.));
#1991=DIRECTION('',(0.,0.,1.));
#1992=DIRECTION('',(0.,0.,-1.));
#1993=DIRECTION('',(-1.,0.,0.));
#1994=DIRECTION('',(0.,0.,-1.));
#1995=DIRECTION('',(0.,0.,1.));
#1996=DIRECTION('',(1.,0.,0.));
#1997=DIRECTION('',(0.,0.,1.));
#1998=DIRECTION('',(1.,0.,0.));
#1999=DIRECTION('',(0.,0.,1.));
#2000=DIRECTION('',(0.,0.,-1.));
#2001=DIRECTION('',(-1.,0.,0.));
#2002=DIRECTION('',(0.,0.,-1.));
#2003=DIRECTION('',(0.,0.,1.));
#2004=DIRECTION('',(1.,0.,0.));
#2005=DIRECTION('',(0.,0.,-1.));
#2006=DIRECTION('',(0.,0.,-1.));
#2007=DIRECTION('',(-1.,0.,0.));
#2008=DIRECTION('',(0.,0.,1.));
#2009=DIRECTION('',(1.,0.,0.));
#2010=DIRECTION('',(0.,0.,-1.));
#2011=DIRECTION('',(0.,0.,-1.));
#2012=DIRECTION('',(-1.,0.,0.));
#2013=DIRECTION('',(0.,0.,1.));
#2014=DIRECTION('',(0.,0.,-1.));
#2015=DIRECTION('',(-1.,0.,0.));
#2016=DIRECTION('',(0.,0.,-1.));
#2017=DIRECTION('',(0.,0.,1.));
#2018=DIRECTION('',(1.,0.,0.));
#2019=DIRECTION('',(0.,0.,1.));
#2020=DIRECTION('',(1.,0.,0.));
#2021=DIRECTION('',(0.,0.,1.));
#2022=DIRECTION('',(0.,0.,-1.));
#2023=DIRECTION('',(-1.,0.,0.));
#2024=DIRECTION('',(0.,0.,-1.));
#2025=DIRECTION('',(0.,0.,1.));
#2026=DIRECTION('',(1.,0.,0.));
#2027=DIRECTION('',(0.,0.,-1.));
#2028=DIRECTION('',(0.,0.,-1.));
#2029=DIRECTION('',(-1.,0.,0.));
#2030=DIRECTION('',(0.,0.,1.));
#2031=DIRECTION('',(1.,0.,0.));
#2032=DIRECTION('',(0.,0.,-1.));
#2033=DIRECTION('',(0.,0.,-1.));
#2034=DIRECTION('',(-1.,0.,0.));
#2035=DIRECTION('',(0.,0.,1.));
#2036=DIRECTION('',(0.,0.,-1.));
#2037=DIRECTION('',(-1.,0.,0.));
#2038=DIRECTION('',(0.,0.,-1.));
#2039=DIRECTION('',(0.,0.,1.));
#2040=DIRECTION('',(1.,0.,0.));
#2041=DIRECTION('',(0.,0.,1.));
#2042=DIRECTION('',(1.,0.,0.));
#2043=DIRECTION('',(0.,0.,1.));
#2044=DIRECTION('',(0.,0.,-1.));
#2045=DIRECTION('',(-1.,0.,0.));
#2046=DIRECTION('',(0.,0.,-1.));
#2047=DIRECTION('',(0.,0.,1.));
#2048=DIRECTION('',(1.,0.,0.));
#2049=DIRECTION('',(0.,0.,-1.));
#2050=DIRECTION('',(0.,0.,-1.));
#2051=DIRECTION('',(-1.,0.,0.));
#2052=DIRECTION('',(0.,0.,1.));
#2053=DIRECTION('',(1.,0.,0.));
#2054=DIRECTION('',(0.,0.,-1.));
#2055=DIRECTION('',(0.,0.,-1.));
#2056=DIRECTION('',(-1.,0.,0.));
#2057=DIRECTION('',(0.,0.,1.));
#2058=DIRECTION('',(0.,0.,-1.));
#2059=DIRECTION('',(-1.,0.,0.));
#2060=DIRECTION('',(0.,0.,-1.));
#2061=DIRECTION('',(0.,0.,1.));
#2062=DIRECTION('',(1.,0.,0.));
#2063=DIRECTION('',(0.,0.,1.));
#2064=DIRECTION('',(1.,0.,0.));
#2065=DIRECTION('',(0.,0.,1.));
#2066=DIRECTION('',(0.,0.,-1.));
#2067=DIRECTION('',(-1.,0.,0.));
#2068=DIRECTION('',(0.,0.,-1.));
#2069=DIRECTION('',(0.,0.,1.));
#2070=DIRECTION('',(1.,0.,0.));
#2071=DIRECTION('',(0.,0.,-1.));
#2072=DIRECTION('',(0.,0.,-1.));
#2073=DIRECTION('',(-1.,0.,0.));
#2074=DIRECTION('',(-1.21734980770302E-16,1.,0.));
#2075=DIRECTION('',(-1.,-1.21734980770302E-16,0.));
#2076=DIRECTION('',(1.,1.21734980770302E-16,0.));
#2077=DIRECTION('',(-1.,-1.21734980770302E-16,0.));
#2078=DIRECTION('',(-1.26161707343768E-16,1.,0.));
#2079=DIRECTION('',(1.,1.26161707343768E-16,0.));
#2080=DIRECTION('',(-1.26161707343768E-16,1.,0.));
#2081=DIRECTION('',(1.,1.26161707343768E-16,0.));
#2082=DIRECTION('',(-1.,-1.26161707343768E-16,0.));
#2083=DIRECTION('',(0.,0.,-1.));
#2084=DIRECTION('',(1.,1.26161707343768E-16,0.));
#2085=DIRECTION('',(0.,0.,1.));
#2086=DIRECTION('',(1.15648231731787E-16,-1.,0.));
#2087=DIRECTION('',(1.,1.15648231731787E-16,0.));
#2088=DIRECTION('',(1.,1.15648231731787E-16,0.));
#2089=DIRECTION('',(0.,0.,-1.));
#2090=DIRECTION('',(-1.,-1.15648231731787E-16,0.));
#2091=DIRECTION('',(0.,0.,1.));
#2092=DIRECTION('',(1.15648231731787E-16,-1.,0.));
#2093=DIRECTION('',(1.,1.15648231731787E-16,0.));
#2094=DIRECTION('',(1.15648231731787E-16,-1.,0.));
#2095=DIRECTION('',(1.,1.15648231731787E-16,0.));
#2096=DIRECTION('',(1.,1.15648231731787E-16,0.));
#2097=DIRECTION('',(0.,0.,1.));
#2098=DIRECTION('',(1.,1.15648231731787E-16,0.));
#2099=DIRECTION('',(0.,0.,1.));
#2100=DIRECTION('',(0.,0.,1.));
#2101=DIRECTION('',(1.,0.,0.));
#2102=DIRECTION('',(-1.,-1.5419764230905E-16,0.));
#2103=DIRECTION('',(0.,1.,0.));
#2104=DIRECTION('',(1.,-1.5419764230905E-16,0.));
#2105=DIRECTION('',(0.,-1.,0.));
#2106=DIRECTION('',(0.,0.,1.));
#2107=DIRECTION('',(1.,0.,0.));
#2108=DIRECTION('',(0.,0.,1.));
#2109=DIRECTION('',(1.,0.,0.));
#2110=DIRECTION('',(0.,1.,0.));
#2111=DIRECTION('',(0.,0.,1.));
#2112=DIRECTION('',(1.,0.,0.));
#2113=DIRECTION('',(0.,0.,1.));
#2114=DIRECTION('',(1.,0.,0.));
#2115=DIRECTION('',(0.,0.,1.));
#2116=DIRECTION('',(1.,0.,0.));
#2117=DIRECTION('',(-1.,-1.21734980770302E-16,0.));
#2118=DIRECTION('',(0.,0.,1.));
#2119=DIRECTION('',(1.,0.,0.));
#2120=DIRECTION('',(0.,0.,1.));
#2121=DIRECTION('',(1.,0.,0.));
#2122=DIRECTION('',(0.,0.,1.));
#2123=DIRECTION('',(1.,0.,0.));
#2124=DIRECTION('',(2.43469961540605E-16,-1.,0.));
#2125=DIRECTION('',(0.,0.,1.));
#2126=DIRECTION('',(1.,0.,0.));
#2127=DIRECTION('',(0.,0.,1.));
#2128=DIRECTION('',(1.,0.,0.));
#2129=DIRECTION('',(0.,0.,1.));
#2130=DIRECTION('',(1.,0.,0.));
#2131=DIRECTION('',(1.,1.21734980770302E-16,0.));
#2132=DIRECTION('',(0.,0.,1.));
#2133=DIRECTION('',(1.,0.,0.));
#2134=DIRECTION('',(0.,0.,-1.));
#2135=DIRECTION('',(-1.,0.,0.));
#2136=DIRECTION('',(0.,0.,1.));
#2137=DIRECTION('',(1.,0.,0.));
#2138=DIRECTION('',(0.,0.,-1.));
#2139=DIRECTION('',(1.,0.,0.));
#2140=DIRECTION('',(0.,0.,-1.));
#2141=DIRECTION('',(-1.,0.,0.));
#2142=DIRECTION('',(0.,0.,1.));
#2143=DIRECTION('',(-1.,0.,0.));
#2144=DIRECTION('',(0.,0.,1.));
#2145=DIRECTION('',(-1.,0.,0.));
#2146=DIRECTION('',(0.,0.,1.));
#2147=DIRECTION('',(-1.,0.,0.));
#2148=DIRECTION('',(0.,0.,-1.));
#2149=DIRECTION('',(1.,0.,0.));
#2150=DIRECTION('',(0.,0.,-1.));
#2151=DIRECTION('',(1.,0.,0.));
#2152=DIRECTION('',(0.,0.,1.));
#2153=DIRECTION('',(-1.,0.,0.));
#2154=DIRECTION('',(0.,0.,-1.));
#2155=DIRECTION('',(1.,0.,0.));
#2156=DIRECTION('',(0.,0.,1.));
#2157=DIRECTION('',(-1.60812264967664E-16,1.,0.));
#2158=DIRECTION('',(0.,0.,-1.));
#2159=DIRECTION('',(-1.60812264967664E-16,1.,0.));
#2160=DIRECTION('',(0.,0.,-1.));
#2161=DIRECTION('',(1.60812264967664E-16,-1.,0.));
#2162=DIRECTION('',(0.,0.,-1.));
#2163=DIRECTION('',(1.60812264967664E-16,-1.,0.));
#2164=DIRECTION('',(0.,0.,-1.));
#2165=DIRECTION('',(1.60812264967664E-16,-1.,0.));
#2166=DIRECTION('',(0.,0.,1.));
#2167=DIRECTION('',(1.,0.,0.));
#2168=DIRECTION('',(0.,0.,-1.));
#2169=DIRECTION('',(-1.60812264967664E-16,1.,0.));
#2170=DIRECTION('',(1.,2.43469961540605E-16,0.));
#2171=DIRECTION('',(-2.43469961540605E-16,1.,0.));
#2172=DIRECTION('',(2.43469961540605E-16,-1.,0.));
#2173=DIRECTION('',(-2.43469961540605E-16,1.,0.));
#2174=DIRECTION('',(0.,0.,1.));
#2175=DIRECTION('',(-1.,1.22464679914735E-16,0.));
#2176=DIRECTION('',(0.,0.,-1.));
#2177=DIRECTION('',(-1.,1.22464679914735E-16,0.));
#2178=DIRECTION('',(0.,0.,-1.));
#2179=DIRECTION('',(1.,-1.22464679914735E-16,0.));
#2180=DIRECTION('',(0.,0.,-1.));
#2181=DIRECTION('',(1.,-1.22464679914735E-16,0.));
#2182=DIRECTION('',(0.,0.,-1.));
#2183=DIRECTION('',(1.,-1.22464679914735E-16,0.));
#2184=DIRECTION('',(0.,0.,1.));
#2185=DIRECTION('',(1.,0.,0.));
#2186=DIRECTION('',(0.,0.,-1.));
#2187=DIRECTION('',(-1.,1.22464679914735E-16,0.));
#2188=DIRECTION('',(0.,0.,1.));
#2189=DIRECTION('',(-1.83697019872103E-16,-1.,0.));
#2190=DIRECTION('',(0.,0.,-1.));
#2191=DIRECTION('',(-1.83697019872103E-16,-1.,0.));
#2192=DIRECTION('',(0.,0.,-1.));
#2193=DIRECTION('',(1.83697019872103E-16,1.,0.));
#2194=DIRECTION('',(0.,0.,-1.));
#2195=DIRECTION('',(1.83697019872103E-16,1.,0.));
#2196=DIRECTION('',(0.,0.,-1.));
#2197=DIRECTION('',(1.83697019872103E-16,1.,0.));
#2198=DIRECTION('',(0.,0.,1.));
#2199=DIRECTION('',(1.,0.,0.));
#2200=DIRECTION('',(0.,0.,-1.));
#2201=DIRECTION('',(-1.83697019872103E-16,-1.,0.));
#2202=DIRECTION('',(-1.,0.,0.));
#2203=DIRECTION('',(0.,0.,1.));
#2204=DIRECTION('',(0.,1.,0.));
#2205=DIRECTION('',(0.,-1.,0.));
#2206=DIRECTION('',(-1.,0.,0.));
#2207=DIRECTION('',(0.,0.,1.));
#2208=DIRECTION('',(1.21734980770302E-16,-1.,0.));
#2209=DIRECTION('',(1.,1.21734980770302E-16,0.));
#2210=DIRECTION('',(-1.,-1.21734980770302E-16,0.));
#2211=DIRECTION('',(1.,1.21734980770302E-16,0.));
#2212=DIRECTION('',(1.,0.,0.));
#2213=DIRECTION('',(0.,0.,-1.));
#2214=DIRECTION('',(-1.,6.12303176911189E-17,0.));
#2215=DIRECTION('',(6.12303176911189E-17,1.,0.));
#2216=DIRECTION('',(0.,1.,0.));
#2217=DIRECTION('',(0.,0.,1.));
#2218=DIRECTION('',(0.,1.,0.));
#2219=DIRECTION('',(0.,0.,1.));
#2220=DIRECTION('',(1.15648231731787E-16,1.,0.));
#2221=DIRECTION('',(-1.,1.15648231731787E-16,0.));
#2222=DIRECTION('',(-1.,1.15648231731787E-16,0.));
#2223=DIRECTION('',(0.,0.,1.));
#2224=DIRECTION('',(-1.,1.15648231731787E-16,0.));
#2225=DIRECTION('',(0.,0.,1.));
#2226=DIRECTION('',(-1.,0.,0.));
#2227=DIRECTION('',(0.,0.,1.));
#2228=DIRECTION('',(0.,-1.,0.));
#2229=DIRECTION('',(0.,0.,1.));
#2230=DIRECTION('',(0.,-1.,0.));
#2231=DIRECTION('',(0.,0.,1.));
#2232=DIRECTION('',(0.,0.,1.));
#2233=DIRECTION('',(1.,0.,0.));
#2234=DIRECTION('',(0.,0.,1.));
#2235=DIRECTION('',(1.,0.,0.));
#2236=DIRECTION('',(0.,0.,1.));
#2237=DIRECTION('',(1.,0.,0.));
#2238=DIRECTION('',(0.,0.,1.));
#2239=DIRECTION('',(1.,0.,0.));
#2240=DIRECTION('',(0.,0.,1.));
#2241=DIRECTION('',(1.,0.,0.));
#2242=DIRECTION('',(0.,0.,1.));
#2243=DIRECTION('',(1.,0.,0.));
#2244=DIRECTION('',(0.,0.,1.));
#2245=DIRECTION('',(1.,0.,0.));
#2246=DIRECTION('',(0.,0.,1.));
#2247=DIRECTION('',(1.,0.,0.));
#2248=DIRECTION('',(0.,0.,1.));
#2249=DIRECTION('',(1.,0.,0.));
#2250=DIRECTION('',(0.,0.,1.));
#2251=DIRECTION('',(1.,0.,0.));
#2252=DIRECTION('',(0.,0.,-1.));
#2253=DIRECTION('',(-1.,0.,0.));
#2254=DIRECTION('',(0.,0.,1.));
#2255=DIRECTION('',(1.,0.,0.));
#2256=DIRECTION('',(0.,0.,-1.));
#2257=DIRECTION('',(1.,0.,0.));
#2258=DIRECTION('',(0.,0.,-1.));
#2259=DIRECTION('',(-1.,0.,0.));
#2260=DIRECTION('',(0.,0.,-1.));
#2261=DIRECTION('',(-1.,0.,0.));
#2262=DIRECTION('',(-1.,0.,0.));
#2263=DIRECTION('',(0.,1.,0.));
#2264=DIRECTION('',(1.,0.,0.));
#2265=DIRECTION('',(0.,-1.,0.));
#2266=DIRECTION('',(0.,0.,1.));
#2267=DIRECTION('',(1.,0.,0.));
#2268=DIRECTION('',(0.,0.,-1.));
#2269=DIRECTION('',(1.,0.,0.));
#2270=DIRECTION('',(0.,0.,-1.));
#2271=DIRECTION('',(-1.,0.,0.));
#2272=DIRECTION('',(1.,0.,0.));
#2273=DIRECTION('',(0.,0.,-1.));
#2274=DIRECTION('',(0.,0.,1.));
#2275=DIRECTION('',(1.,0.,0.));
#2276=DIRECTION('',(0.,0.,1.));
#2277=DIRECTION('',(1.,0.,0.));
#2278=DIRECTION('',(0.,0.,1.));
#2279=DIRECTION('',(1.,0.,0.));
#2280=DIRECTION('',(0.,0.,1.));
#2281=DIRECTION('',(1.,0.,0.));
#2282=DIRECTION('',(0.,0.,-1.));
#2283=DIRECTION('',(-1.,0.,0.));
#2284=DIRECTION('',(0.,0.,1.));
#2285=DIRECTION('',(1.,0.,0.));
#2286=DIRECTION('',(0.,0.,-1.));
#2287=DIRECTION('',(1.,0.,0.));
#2288=DIRECTION('',(0.,0.,-1.));
#2289=DIRECTION('',(-1.,0.,0.));
#2290=DIRECTION('',(0.,0.,-1.));
#2291=DIRECTION('',(1.,0.,0.));
#2292=DIRECTION('',(0.,0.,1.));
#2293=DIRECTION('',(1.,0.,0.));
#2294=DIRECTION('',(0.,0.,-1.));
#2295=DIRECTION('',(1.,0.,0.));
#2296=DIRECTION('',(0.,0.,-1.));
#2297=DIRECTION('',(-1.,0.,0.));
#2298=DIRECTION('',(0.,0.,-1.));
#2299=DIRECTION('',(-1.,0.,0.));
#2300=DIRECTION('',(0.,0.,1.));
#2301=DIRECTION('',(1.,0.,0.));
#2302=DIRECTION('',(0.,-0.707106781186547,-0.707106781186548));
#2303=DIRECTION('',(-0.707106781186547,0.,0.707106781186548));
#2304=DIRECTION('',(0.707106781186548,1.7215926082059E-16,0.707106781186547));
#2305=DIRECTION('',(-2.43469961540605E-16,1.,0.));
#2306=DIRECTION('',(-0.707106781186547,0.,0.707106781186548));
#2307=DIRECTION('',(0.,0.,-1.));
#2308=DIRECTION('',(-1.,0.,0.));
#2309=DIRECTION('',(0.707106781186547,-3.27102595559127E-15,-0.707106781186547));
#2310=DIRECTION('',(0.,0.,1.));
#2311=DIRECTION('',(1.,0.,0.));
#2312=DIRECTION('',(-1.63551297779564E-15,-0.707106781186548,0.707106781186547));
#2313=DIRECTION('',(0.,0.,1.));
#2314=DIRECTION('',(1.,0.,0.));
#2315=DIRECTION('',(0.,-0.707106781186548,-0.707106781186547));
#2316=DIRECTION('',(0.,0.,-1.));
#2317=DIRECTION('',(-1.,0.,0.));
#2318=DIRECTION('',(-0.707106781186547,0.,0.707106781186547));
#2319=DIRECTION('',(8.60796304102947E-17,-0.707106781186547,0.707106781186547));
#2320=DIRECTION('',(1.,1.21734980770302E-16,0.));
#2321=DIRECTION('',(0.,-0.707106781186548,-0.707106781186547));
#2322=DIRECTION('',(0.,0.,1.));
#2323=DIRECTION('',(1.,0.,0.));
#2324=DIRECTION('',(0.,-0.707106781186547,0.707106781186548));
#2325=DIRECTION('',(0.,0.,1.));
#2326=DIRECTION('',(1.,0.,0.));
#2327=DIRECTION('',(-0.707106781186547,0.,-0.707106781186548));
#2328=DIRECTION('',(-8.60796304102947E-17,0.707106781186547,0.707106781186547));
#2329=DIRECTION('',(-1.,-1.21734980770302E-16,0.));
#2330=DIRECTION('',(0.,-0.707106781186547,0.707106781186548));
#2331=DIRECTION('',(0.,0.,-1.));
#2332=DIRECTION('',(-1.,0.,0.));
#2333=DIRECTION('',(-1.63551297779564E-15,-0.707106781186547,-0.707106781186547));
#2334=DIRECTION('',(0.,0.,1.));
#2335=DIRECTION('',(1.,0.,0.));
#2336=DIRECTION('',(0.707106781186548,-3.27102595559128E-15,0.707106781186547));
#2337=DIRECTION('',(0.,0.,1.));
#2338=DIRECTION('',(1.,0.,0.));
#2339=DIRECTION('',(-0.707106781186548,0.,-0.707106781186547));
#2340=DIRECTION('',(0.,0.,-1.));
#2341=DIRECTION('',(-1.,0.,0.));
#2342=DIRECTION('',(0.,-0.707106781186547,0.707106781186547));
#2343=DIRECTION('',(-0.707106781186547,0.,0.707106781186547));
#2344=DIRECTION('',(0.,-1.,0.));
#2345=DIRECTION('',(-0.707106781186547,0.,-0.707106781186547));
#2346=DIRECTION('',(0.,0.,1.));
#2347=DIRECTION('',(1.,0.,0.));
#2348=DIRECTION('',(1.,0.,0.));
#2349=DIRECTION('',(0.,0.,-1.));
#2350=DIRECTION('',(0.,0.,-1.));
#2351=DIRECTION('',(0.,-1.,0.));
#2352=DIRECTION('',(0.,0.,-1.));
#2353=DIRECTION('',(0.,-1.,0.));
#2354=DIRECTION('',(-1.5419764230905E-16,1.,0.));
#2355=DIRECTION('',(-1.,-1.5419764230905E-16,0.));
#2356=DIRECTION('',(1.,1.5419764230905E-16,0.));
#2357=DIRECTION('',(0.,0.,-1.));
#2358=DIRECTION('',(1.,1.5419764230905E-16,0.));
#2359=DIRECTION('',(-1.,0.,0.));
#2360=DIRECTION('',(0.,0.,1.));
#2361=DIRECTION('',(0.,1.,0.));
#2362=DIRECTION('',(0.,0.,-1.));
#2363=DIRECTION('',(0.,1.,0.));
#2364=DIRECTION('',(0.,-1.,0.));
#2365=DIRECTION('',(0.,0.,-1.));
#2366=DIRECTION('',(-1.,0.,0.));
#2367=DIRECTION('',(0.,0.,-1.));
#2368=DIRECTION('',(-1.,0.,0.));
#2369=DIRECTION('',(0.,0.,-1.));
#2370=DIRECTION('',(-1.,0.,0.));
#2371=DIRECTION('',(0.,0.,1.));
#2372=DIRECTION('',(0.,1.,0.));
#2373=DIRECTION('',(0.,0.,-1.));
#2374=DIRECTION('',(0.,1.,0.));
#2375=DIRECTION('',(0.,1.,0.));
#2376=DIRECTION('',(0.,0.,1.));
#2377=DIRECTION('',(1.,0.,0.));
#2378=DIRECTION('',(0.,0.,-1.));
#2379=DIRECTION('',(1.,0.,0.));
#2380=DIRECTION('',(1.,0.,0.));
#2381=DIRECTION('',(0.,0.,-1.));
#2382=DIRECTION('',(0.,-1.,0.));
#2383=DIRECTION('',(0.,-1.,0.));
#2384=DIRECTION('',(-1.5419764230905E-16,-1.,0.));
#2385=DIRECTION('',(1.,-1.5419764230905E-16,0.));
#2386=DIRECTION('',(-1.,1.5419764230905E-16,0.));
#2387=DIRECTION('',(-1.,1.5419764230905E-16,0.));
#2388=DIRECTION('',(0.,0.,1.));
#2389=DIRECTION('',(1.,0.,0.));
#2390=DIRECTION('',(0.,0.,1.));
#2391=DIRECTION('',(1.,0.,0.));
#2392=DIRECTION('',(-0.707106781186548,0.,-0.707106781186548));
#2393=DIRECTION('',(0.,1.,0.));
#2394=DIRECTION('',(-0.577350269189626,0.577350269189626,0.577350269189626));
#2395=DIRECTION('',(-0.577350269189625,-0.577350269189627,0.577350269189625));
#2396=DIRECTION('',(-1.09034198519706E-16,-0.707106781186546,-0.707106781186549));
#2397=DIRECTION('',(-1.,1.5419764230905E-16,0.));
#2398=DIRECTION('',(0.577350269189625,-0.577350269189627,0.577350269189625));
#2399=DIRECTION('',(-1.09034198519707E-16,0.707106781186547,-0.707106781186548));
#2400=DIRECTION('',(1.,1.5419764230905E-16,0.));
#2401=DIRECTION('',(-0.577350269189626,-0.577350269189626,-0.577350269189626));
#2402=DIRECTION('',(0.707106781186548,0.,-0.707106781186548));
#2403=DIRECTION('',(0.,-1.,0.));
#2404=DIRECTION('',(1.26161707343768E-16,-1.,0.));
#2405=DIRECTION('',(1.,1.26161707343768E-16,0.));
#2406=DIRECTION('',(0.,-1.,0.));
#2407=DIRECTION('',(0.,0.,-1.));
#2408=DIRECTION('',(1.26161707343768E-16,-1.,0.));
#2409=DIRECTION('',(1.,1.26161707343768E-16,0.));
#2410=DIRECTION('',(0.,-1.,0.));
#2411=DIRECTION('',(0.,0.,-1.));
#2412=DIRECTION('',(0.,0.,1.));
#2413=DIRECTION('',(1.,0.,0.));
#2414=DIRECTION('',(1.26161707343768E-16,-1.,0.));
#2415=DIRECTION('',(-1.,-1.15648231731787E-16,0.));
#2416=DIRECTION('',(1.26161707343768E-16,-1.,0.));
#2417=DIRECTION('',(-1.,-1.26161707343768E-16,0.));
#2418=DIRECTION('',(1.26161707343768E-16,-1.,0.));
#2419=DIRECTION('',(0.,0.,-1.));
#2420=DIRECTION('',(1.26161707343768E-16,-1.,0.));
#2421=DIRECTION('',(0.,0.,-1.));
#2422=DIRECTION('',(-1.,0.,0.));
#2423=DIRECTION('',(1.,1.15648231731787E-16,0.));
#2424=DIRECTION('',(1.26161707343768E-16,-1.,0.));
#2425=DIRECTION('',(1.,1.26161707343768E-16,0.));
#2426=DIRECTION('',(-1.26161707343768E-16,1.,0.));
#2427=DIRECTION('',(0.,0.,1.));
#2428=DIRECTION('',(0.,-1.,0.));
#2429=DIRECTION('',(0.,0.,-1.));
#2430=DIRECTION('',(0.,-1.,0.));
#2431=DIRECTION('',(0.,0.,-1.));
#2432=DIRECTION('',(0.707106781186547,-0.707106781186548,0.));
#2433=DIRECTION('',(0.,0.,1.));
#2434=DIRECTION('',(0.577350269189626,0.577350269189626,-0.577350269189626));
#2435=DIRECTION('',(0.577350269189626,0.577350269189626,0.577350269189626));
#2436=DIRECTION('',(8.17756488897799E-17,-0.707106781186547,0.707106781186548));
#2437=DIRECTION('',(-1.,-1.15648231731787E-16,0.));
#2438=DIRECTION('',(-0.577350269189627,0.577350269189625,0.577350269189625));
#2439=DIRECTION('',(8.177564888978E-17,-0.707106781186548,-0.707106781186547));
#2440=DIRECTION('',(1.,1.15648231731787E-16,0.));
#2441=DIRECTION('',(0.577350269189627,-0.577350269189625,0.577350269189625));
#2442=DIRECTION('',(-0.707106781186546,-0.707106781186549,0.));
#2443=DIRECTION('',(0.,0.,-1.));
#2444=DIRECTION('',(-1.,0.,0.));
#2445=DIRECTION('',(0.,0.,1.));
#2446=DIRECTION('',(0.,-1.,0.));
#2447=DIRECTION('',(0.,1.,0.));
#2448=DIRECTION('',(0.,0.,1.));
#2449=DIRECTION('',(-1.,0.,0.));
#2450=DIRECTION('',(0.,-1.,0.));
#2451=DIRECTION('',(0.,0.,-1.));
#2452=DIRECTION('',(1.,0.,0.));
#2453=DIRECTION('',(1.,0.,0.));
#2454=DIRECTION('',(0.,0.,-1.));
#2455=DIRECTION('',(0.,1.,0.));
#2456=DIRECTION('',(0.,0.,-1.));
#2457=DIRECTION('',(-1.,0.,0.));
#2458=DIRECTION('',(0.707106781186547,0.,0.707106781186547));
#2459=DIRECTION('',(0.707106781186548,1.7215926082059E-16,-0.707106781186547));
#2460=DIRECTION('',(2.43469961540605E-16,-1.,0.));
#2461=DIRECTION('',(0.707106781186547,0.,0.707106781186547));
#2462=DIRECTION('',(0.,0.,-1.));
#2463=DIRECTION('',(-1.,0.,0.));
#2464=DIRECTION('',(0.,0.,-1.));
#2465=DIRECTION('',(-1.,0.,0.));
#2466=DIRECTION('',(0.,0.707106781186547,0.707106781186547));
#2467=DIRECTION('',(-8.60796304102948E-17,0.707106781186548,-0.707106781186547));
#2468=DIRECTION('',(1.,1.21734980770302E-16,0.));
#2469=DIRECTION('',(0.,0.707106781186547,0.707106781186548));
#2470=DIRECTION('',(0.,0.,-1.));
#2471=DIRECTION('',(-1.,0.,0.));
#2472=DIRECTION('',(0.,0.,-1.));
#2473=DIRECTION('',(-1.,0.,0.));
#2474=DIRECTION('',(-0.707106781186547,0.,0.707106781186547));
#2475=DIRECTION('',(-0.707106781186547,0.,-0.707106781186547));
#2476=DIRECTION('',(0.,1.,0.));
#2477=DIRECTION('',(-0.707106781186547,0.,0.707106781186547));
#2478=DIRECTION('',(0.,0.,-1.));
#2479=DIRECTION('',(-1.,0.,0.));
#2480=DIRECTION('',(0.,0.,-1.));
#2481=DIRECTION('',(-1.,0.,0.));
#2482=DIRECTION('',(0.,-0.707106781186547,0.707106781186547));
#2483=DIRECTION('',(8.60796304102947E-17,-0.707106781186548,-0.707106781186547));
#2484=DIRECTION('',(-1.,-1.21734980770302E-16,0.));
#2485=DIRECTION('',(0.,-0.707106781186547,0.707106781186548));
#2486=DIRECTION('',(0.,0.,-1.));
#2487=DIRECTION('',(-1.,0.,0.));
#2488=CARTESIAN_POINT('',(0.,0.,0.));
#2489=CARTESIAN_POINT('',(-57.,-57.,97.));
#2490=CARTESIAN_POINT('',(47.,-57.,93.));
#2491=CARTESIAN_POINT('',(57.,-57.,93.));
#2492=CARTESIAN_POINT('',(-57.,-57.,93.));
#2493=CARTESIAN_POINT('',(-57.,-57.,97.));
#2494=CARTESIAN_POINT('',(-57.,-57.,97.));
#2495=CARTESIAN_POINT('',(-57.,-57.,97.));
#2496=CARTESIAN_POINT('',(57.,-57.,97.));
#2497=CARTESIAN_POINT('',(57.,-57.,97.));
#2498=CARTESIAN_POINT('',(-57.,57.,97.));
#2499=CARTESIAN_POINT('',(-57.,57.,93.));
#2500=CARTESIAN_POINT('',(-57.,57.,93.));
#2501=CARTESIAN_POINT('',(-57.,57.,97.));
#2502=CARTESIAN_POINT('',(-57.,57.,97.));
#2503=CARTESIAN_POINT('',(-57.,57.,97.));
#2504=CARTESIAN_POINT('',(57.,-57.,97.));
#2505=CARTESIAN_POINT('',(57.,47.,93.));
#2506=CARTESIAN_POINT('',(57.,57.,93.));
#2507=CARTESIAN_POINT('',(57.,-57.,97.));
#2508=CARTESIAN_POINT('',(57.,57.,97.));
#2509=CARTESIAN_POINT('',(57.,57.,97.));
#2510=CARTESIAN_POINT('',(57.,57.,97.));
#2511=CARTESIAN_POINT('',(-47.,57.,93.));
#2512=CARTESIAN_POINT('',(57.,57.,97.));
#2513=CARTESIAN_POINT('',(52.,42.,97.));
#2514=CARTESIAN_POINT('',(57.,42.,0.));
#2515=CARTESIAN_POINT('',(57.,42.,89.));
#2516=CARTESIAN_POINT('',(57.,42.,2.99999999999992));
#2517=CARTESIAN_POINT('',(52.,42.,89.));
#2518=CARTESIAN_POINT('',(54.,46.5825756949558,89.));
#2519=CARTESIAN_POINT('',(54.,46.5825756949558,92.));
#2520=CARTESIAN_POINT('',(54.,46.5825756949558,93.));
#2521=CARTESIAN_POINT('',(52.,42.,93.));
#2522=CARTESIAN_POINT('',(52.,47.,93.));
#2523=CARTESIAN_POINT('',(52.,47.,93.));
#2524=CARTESIAN_POINT('',(52.,47.,2.99999999999996));
#2525=CARTESIAN_POINT('',(52.,42.,2.99999999999992));
#2526=CARTESIAN_POINT('',(42.,52.,93.));
#2527=CARTESIAN_POINT('',(46.5825756949558,54.,92.));
#2528=CARTESIAN_POINT('',(46.5825756949558,54.,89.));
#2529=CARTESIAN_POINT('',(46.5825756949558,54.,93.));
#2530=CARTESIAN_POINT('',(42.,52.,89.));
#2531=CARTESIAN_POINT('',(42.,57.,89.));
#2532=CARTESIAN_POINT('',(42.,57.,93.));
#2533=CARTESIAN_POINT('',(42.,57.,2.99999999999996));
#2534=CARTESIAN_POINT('',(42.,52.,2.99999999999998));
#2535=CARTESIAN_POINT('',(47.,52.,3.));
#2536=CARTESIAN_POINT('',(47.,52.,93.));
#2537=CARTESIAN_POINT('',(47.,52.,93.));
#2538=CARTESIAN_POINT('',(42.,52.,93.));
#2539=CARTESIAN_POINT('',(42.,-52.,97.));
#2540=CARTESIAN_POINT('',(42.,-57.,0.));
#2541=CARTESIAN_POINT('',(42.,-57.,89.));
#2542=CARTESIAN_POINT('',(42.,-57.,2.99999999999992));
#2543=CARTESIAN_POINT('',(42.,-52.,89.));
#2544=CARTESIAN_POINT('',(46.5825756949558,-54.,89.));
#2545=CARTESIAN_POINT('',(46.5825756949558,-54.,92.));
#2546=CARTESIAN_POINT('',(46.5825756949558,-54.,93.));
#2547=CARTESIAN_POINT('',(42.,-52.,93.));
#2548=CARTESIAN_POINT('',(47.,-52.,93.));
#2549=CARTESIAN_POINT('',(47.,-52.,93.));
#2550=CARTESIAN_POINT('',(47.,-52.,2.99999999999996));
#2551=CARTESIAN_POINT('',(42.,-52.,2.99999999999992));
#2552=CARTESIAN_POINT('',(52.,-42.,93.));
#2553=CARTESIAN_POINT('',(54.,-46.5825756949558,92.));
#2554=CARTESIAN_POINT('',(54.,-46.5825756949558,89.));
#2555=CARTESIAN_POINT('',(54.,-46.5825756949558,93.));
#2556=CARTESIAN_POINT('',(52.,-42.,89.));
#2557=CARTESIAN_POINT('',(57.,-42.,89.));
#2558=CARTESIAN_POINT('',(57.,-42.,93.));
#2559=CARTESIAN_POINT('',(57.,-42.,2.99999999999996));
#2560=CARTESIAN_POINT('',(52.,-42.,2.99999999999998));
#2561=CARTESIAN_POINT('',(52.,-47.,2.99999999999996));
#2562=CARTESIAN_POINT('',(52.,-47.,93.));
#2563=CARTESIAN_POINT('',(52.,-47.,93.));
#2564=CARTESIAN_POINT('',(52.,-42.,93.));
#2565=CARTESIAN_POINT('',(-52.,-42.,97.));
#2566=CARTESIAN_POINT('',(-57.,-42.,0.));
#2567=CARTESIAN_POINT('',(-57.,-42.,89.));
#2568=CARTESIAN_POINT('',(-57.,-42.,2.99999999999992));
#2569=CARTESIAN_POINT('',(-52.,-42.,89.));
#2570=CARTESIAN_POINT('',(-54.,-46.5825756949558,89.));
#2571=CARTESIAN_POINT('',(-54.,-46.5825756949558,92.));
#2572=CARTESIAN_POINT('',(-54.,-46.5825756949558,93.));
#2573=CARTESIAN_POINT('',(-52.,-42.,93.));
#2574=CARTESIAN_POINT('',(-52.,-47.,93.));
#2575=CARTESIAN_POINT('',(-52.,-47.,93.));
#2576=CARTESIAN_POINT('',(-52.,-47.,2.99999999999996));
#2577=CARTESIAN_POINT('',(-52.,-42.,2.99999999999992));
#2578=CARTESIAN_POINT('',(-42.,-52.,93.));
#2579=CARTESIAN_POINT('',(-46.5825756949558,-54.,92.));
#2580=CARTESIAN_POINT('',(-46.5825756949558,-54.,89.));
#2581=CARTESIAN_POINT('',(-46.5825756949558,-54.,93.));
#2582=CARTESIAN_POINT('',(-42.,-52.,89.));
#2583=CARTESIAN_POINT('',(-42.,-57.,89.));
#2584=CARTESIAN_POINT('',(-42.,-57.,93.));
#2585=CARTESIAN_POINT('',(-42.,-57.,2.99999999999996));
#2586=CARTESIAN_POINT('',(-42.,-52.,2.99999999999998));
#2587=CARTESIAN_POINT('',(-47.,-52.,3.));
#2588=CARTESIAN_POINT('',(-47.,-52.,93.));
#2589=CARTESIAN_POINT('',(-47.,-52.,93.));
#2590=CARTESIAN_POINT('',(-42.,-52.,93.));
#2591=CARTESIAN_POINT('',(-42.,52.,97.));
#2592=CARTESIAN_POINT('',(-42.,57.,0.));
#2593=CARTESIAN_POINT('',(-42.,57.,89.));
#2594=CARTESIAN_POINT('',(-42.,57.,2.99999999999992));
#2595=CARTESIAN_POINT('',(-42.,52.,89.));
#2596=CARTESIAN_POINT('',(-46.5825756949558,54.,89.));
#2597=CARTESIAN_POINT('',(-46.5825756949558,54.,92.));
#2598=CARTESIAN_POINT('',(-46.5825756949558,54.,93.));
#2599=CARTESIAN_POINT('',(-42.,52.,93.));
#2600=CARTESIAN_POINT('',(-47.,52.,93.));
#2601=CARTESIAN_POINT('',(-47.,52.,93.));
#2602=CARTESIAN_POINT('',(-47.,52.,2.99999999999996));
#2603=CARTESIAN_POINT('',(-42.,52.,2.99999999999992));
#2604=CARTESIAN_POINT('',(-52.,42.,93.));
#2605=CARTESIAN_POINT('',(-54.,46.5825756949558,92.));
#2606=CARTESIAN_POINT('',(-54.,46.5825756949558,89.));
#2607=CARTESIAN_POINT('',(-54.,46.5825756949558,93.));
#2608=CARTESIAN_POINT('',(-52.,42.,89.));
#2609=CARTESIAN_POINT('',(-57.,42.,89.));
#2610=CARTESIAN_POINT('',(-57.,42.,93.));
#2611=CARTESIAN_POINT('',(-57.,42.,2.99999999999996));
#2612=CARTESIAN_POINT('',(-52.,42.,2.99999999999998));
#2613=CARTESIAN_POINT('',(-52.,47.,3.));
#2614=CARTESIAN_POINT('',(-52.,47.,93.));
#2615=CARTESIAN_POINT('',(-52.,47.,93.));
#2616=CARTESIAN_POINT('',(-52.,42.,93.));
#2617=CARTESIAN_POINT('',(-57.,-57.,97.));
#2618=CARTESIAN_POINT('',(42.,-57.,89.));
#2619=CARTESIAN_POINT('',(-42.,-57.,2.99999999999996));
#2620=CARTESIAN_POINT('',(9.35000000000002,-57.,48.5));
#2621=CARTESIAN_POINT('',(10.45,-57.,48.5));
#2622=CARTESIAN_POINT('',(-9.34999999999998,-57.,48.5));
#2623=CARTESIAN_POINT('',(-8.24999999999998,-57.,48.5));
#2624=CARTESIAN_POINT('',(4.60000000000002,-57.,50.5));
#2625=CARTESIAN_POINT('',(4.60000000000002,-57.,50.5));
#2626=CARTESIAN_POINT('',(-4.59999999999998,-57.,50.5));
#2627=CARTESIAN_POINT('',(-4.59999999999998,-57.,50.5));
#2628=CARTESIAN_POINT('',(-4.59999999999998,-57.,46.5));
#2629=CARTESIAN_POINT('',(-4.59999999999998,-57.,46.5));
#2630=CARTESIAN_POINT('',(4.60000000000002,-57.,46.5));
#2631=CARTESIAN_POINT('',(4.60000000000002,-57.,46.5));
#2632=CARTESIAN_POINT('',(-60.,-60.,-3.));
#2633=CARTESIAN_POINT('',(4.60000000000002,-60.,52.5));
#2634=CARTESIAN_POINT('',(-6.59999999999997,-60.,52.5));
#2635=CARTESIAN_POINT('',(6.60000000000002,-60.,52.5));
#2636=CARTESIAN_POINT('',(6.60000000000002,-60.,46.5));
#2637=CARTESIAN_POINT('',(6.60000000000002,-60.,44.5));
#2638=CARTESIAN_POINT('',(-4.59999999999998,-60.,44.5));
#2639=CARTESIAN_POINT('',(-6.59999999999997,-60.,44.5));
#2640=CARTESIAN_POINT('',(-6.59999999999997,-60.,50.5));
#2641=CARTESIAN_POINT('',(9.35000000000002,-60.,48.5));
#2642=CARTESIAN_POINT('',(11.45,-60.,48.5));
#2643=CARTESIAN_POINT('',(-9.34999999999998,-60.,48.5));
#2644=CARTESIAN_POINT('',(-7.24999999999997,-60.,48.5));
#2645=CARTESIAN_POINT('',(-60.,-60.,-3.));
#2646=CARTESIAN_POINT('',(-55.,-60.,-3.));
#2647=CARTESIAN_POINT('',(55.,-60.,-3.));
#2648=CARTESIAN_POINT('',(55.,-60.,-3.));
#2649=CARTESIAN_POINT('',(55.,-60.,97.));
#2650=CARTESIAN_POINT('',(-60.,-60.,97.));
#2651=CARTESIAN_POINT('',(-55.,-60.,97.));
#2652=CARTESIAN_POINT('',(-55.,-60.,-3.));
#2653=CARTESIAN_POINT('',(0.,0.,0.));
#2654=CARTESIAN_POINT('',(6.24500451351651E-15,-40.5,0.));
#2655=CARTESIAN_POINT('',(25.5,-40.5,0.));
#2656=CARTESIAN_POINT('',(-25.5,-40.5,0.));
#2657=CARTESIAN_POINT('',(-25.5,0.,0.));
#2658=CARTESIAN_POINT('',(-25.5,40.5,0.));
#2659=CARTESIAN_POINT('',(6.24500451351651E-15,40.5,0.));
#2660=CARTESIAN_POINT('',(25.5,40.5,0.));
#2661=CARTESIAN_POINT('',(25.5,0.,0.));
#2662=CARTESIAN_POINT('',(52.,-52.,0.));
#2663=CARTESIAN_POINT('',(44.0000000000001,-52.,0.));
#2664=CARTESIAN_POINT('',(52.,-44.0000000000001,0.));
#2665=CARTESIAN_POINT('',(52.,-42.,0.));
#2666=CARTESIAN_POINT('',(54.,-42.,0.));
#2667=CARTESIAN_POINT('',(54.,42.,0.));
#2668=CARTESIAN_POINT('',(54.0000000000001,42.,0.));
#2669=CARTESIAN_POINT('',(52.,42.,0.));
#2670=CARTESIAN_POINT('',(52.,44.0000000000001,0.));
#2671=CARTESIAN_POINT('',(52.,52.,0.));
#2672=CARTESIAN_POINT('',(44.,52.,0.));
#2673=CARTESIAN_POINT('',(42.,52.,0.));
#2674=CARTESIAN_POINT('',(42.,54.,0.));
#2675=CARTESIAN_POINT('',(-42.,54.,0.));
#2676=CARTESIAN_POINT('',(-42.,54.0000000000001,0.));
#2677=CARTESIAN_POINT('',(-42.,52.,0.));
#2678=CARTESIAN_POINT('',(-44.0000000000001,52.,0.));
#2679=CARTESIAN_POINT('',(-52.,52.,0.));
#2680=CARTESIAN_POINT('',(-52.,44.,0.));
#2681=CARTESIAN_POINT('',(-52.,42.,0.));
#2682=CARTESIAN_POINT('',(-54.0000000000001,42.,0.));
#2683=CARTESIAN_POINT('',(-54.,-42.,0.));
#2684=CARTESIAN_POINT('',(-54.0000000000001,-42.,0.));
#2685=CARTESIAN_POINT('',(-52.,-42.,0.));
#2686=CARTESIAN_POINT('',(-52.,-44.0000000000001,0.));
#2687=CARTESIAN_POINT('',(-52.,-52.,0.));
#2688=CARTESIAN_POINT('',(-44.,-52.,0.));
#2689=CARTESIAN_POINT('',(-42.,-52.,0.));
#2690=CARTESIAN_POINT('',(-42.,-54.,0.));
#2691=CARTESIAN_POINT('',(42.,-54.,0.));
#2692=CARTESIAN_POINT('',(42.,-54.0000000000001,0.));
#2693=CARTESIAN_POINT('',(42.,-52.,0.));
#2694=CARTESIAN_POINT('',(36.95,4.65365783675993E-16,0.));
#2695=CARTESIAN_POINT('',(30.95,4.65365783675993E-16,0.));
#2696=CARTESIAN_POINT('',(-36.95,4.65365783675993E-16,0.));
#2697=CARTESIAN_POINT('',(-30.95,4.65365783675993E-16,0.));
#2698=CARTESIAN_POINT('',(36.95,4.65365783675993E-16,3.));
#2699=CARTESIAN_POINT('',(36.95,4.65365783675993E-16,3.));
#2700=CARTESIAN_POINT('',(33.95,4.65365783675993E-16,3.));
#2701=CARTESIAN_POINT('',(36.95,4.65365783675993E-16,4.));
#2702=CARTESIAN_POINT('',(36.95,4.65365783675993E-16,4.));
#2703=CARTESIAN_POINT('',(35.4,4.65365783675993E-16,4.));
#2704=CARTESIAN_POINT('',(36.95,4.65365783675993E-16,13.));
#2705=CARTESIAN_POINT('',(35.4,4.65365783675993E-16,13.));
#2706=CARTESIAN_POINT('',(36.95,4.65365783675993E-16,4.));
#2707=CARTESIAN_POINT('',(36.95,4.65365783675993E-16,13.));
#2708=CARTESIAN_POINT('',(36.95,4.65365783675993E-16,13.));
#2709=CARTESIAN_POINT('',(33.95,4.65365783675993E-16,13.));
#2710=CARTESIAN_POINT('',(36.95,4.65365783675993E-16,13.));
#2711=CARTESIAN_POINT('',(-52.,-52.,67.));
#2712=CARTESIAN_POINT('',(-52.,-52.,67.));
#2713=CARTESIAN_POINT('',(-52.,-50.4,67.));
#2714=CARTESIAN_POINT('',(-52.,-52.,93.));
#2715=CARTESIAN_POINT('',(-52.,-53.6,93.));
#2716=CARTESIAN_POINT('',(-52.,-52.,67.));
#2717=CARTESIAN_POINT('',(-52.,-52.,93.));
#2718=CARTESIAN_POINT('',(-52.,-52.,2.99999999999993));
#2719=CARTESIAN_POINT('',(-52.,-52.,93.));
#2720=CARTESIAN_POINT('',(-57.,57.,97.));
#2721=CARTESIAN_POINT('',(-57.,-42.,89.));
#2722=CARTESIAN_POINT('',(-57.,42.,2.99999999999996));
#2723=CARTESIAN_POINT('',(52.,-52.,67.));
#2724=CARTESIAN_POINT('',(52.,-52.,67.));
#2725=CARTESIAN_POINT('',(50.4,-52.,67.));
#2726=CARTESIAN_POINT('',(52.,-52.,93.));
#2727=CARTESIAN_POINT('',(53.6,-52.,93.));
#2728=CARTESIAN_POINT('',(52.,-52.,67.));
#2729=CARTESIAN_POINT('',(52.,-52.,93.));
#2730=CARTESIAN_POINT('',(52.,-52.,2.99999999999993));
#2731=CARTESIAN_POINT('',(52.,-52.,93.));
#2732=CARTESIAN_POINT('',(52.,52.,67.));
#2733=CARTESIAN_POINT('',(52.,52.,67.));
#2734=CARTESIAN_POINT('',(52.,50.4,67.));
#2735=CARTESIAN_POINT('',(52.,52.,93.));
#2736=CARTESIAN_POINT('',(52.,53.6,93.));
#2737=CARTESIAN_POINT('',(52.,52.,67.));
#2738=CARTESIAN_POINT('',(52.,52.,93.));
#2739=CARTESIAN_POINT('',(52.,52.,2.99999999999993));
#2740=CARTESIAN_POINT('',(52.,52.,93.));
#2741=CARTESIAN_POINT('',(57.,-57.,97.));
#2742=CARTESIAN_POINT('',(57.,42.,89.));
#2743=CARTESIAN_POINT('',(57.,-42.,2.99999999999996));
#2744=CARTESIAN_POINT('',(57.,0.,63.6666666666667));
#2745=CARTESIAN_POINT('',(57.,0.,74.8666666666667));
#2746=CARTESIAN_POINT('',(57.,57.,97.));
#2747=CARTESIAN_POINT('',(-42.,57.,89.));
#2748=CARTESIAN_POINT('',(42.,57.,2.99999999999996));
#2749=CARTESIAN_POINT('',(60.,-60.,-3.));
#2750=CARTESIAN_POINT('',(60.,0.,63.6666666666667));
#2751=CARTESIAN_POINT('',(60.,11.2,63.6666666666667));
#2752=CARTESIAN_POINT('',(60.,-60.,97.));
#2753=CARTESIAN_POINT('',(60.,-55.,97.));
#2754=CARTESIAN_POINT('',(60.,55.,97.));
#2755=CARTESIAN_POINT('',(60.,-55.,-3.));
#2756=CARTESIAN_POINT('',(60.,-55.,-3.));
#2757=CARTESIAN_POINT('',(60.,-60.,-3.));
#2758=CARTESIAN_POINT('',(60.,55.,-3.));
#2759=CARTESIAN_POINT('',(60.,55.,-3.));
#2760=CARTESIAN_POINT('',(60.,60.,-3.));
#2761=CARTESIAN_POINT('',(60.,60.,97.));
#2762=CARTESIAN_POINT('',(55.,60.,97.));
#2763=CARTESIAN_POINT('',(-55.,60.,97.));
#2764=CARTESIAN_POINT('',(55.,60.,-3.));
#2765=CARTESIAN_POINT('',(55.,60.,-3.));
#2766=CARTESIAN_POINT('',(60.,60.,-3.));
#2767=CARTESIAN_POINT('',(-55.,60.,-3.));
#2768=CARTESIAN_POINT('',(-55.,60.,-3.));
#2769=CARTESIAN_POINT('',(-60.,60.,-3.));
#2770=CARTESIAN_POINT('',(-60.,60.,97.));
#2771=CARTESIAN_POINT('',(-60.,55.,97.));
#2772=CARTESIAN_POINT('',(-60.,-55.,97.));
#2773=CARTESIAN_POINT('',(-60.,55.,-3.));
#2774=CARTESIAN_POINT('',(-60.,55.,-3.));
#2775=CARTESIAN_POINT('',(-60.,60.,-3.));
#2776=CARTESIAN_POINT('',(-60.,-55.,-3.));
#2777=CARTESIAN_POINT('',(-60.,-55.,-3.));
#2778=CARTESIAN_POINT('',(0.,0.,-3.));
#2779=CARTESIAN_POINT('',(55.,-55.,-3.));
#2780=CARTESIAN_POINT('',(-55.,-55.,-3.));
#2781=CARTESIAN_POINT('',(-55.,55.,-3.));
#2782=CARTESIAN_POINT('',(55.,55.,-3.));
#2783=CARTESIAN_POINT('',(0.,0.,97.));
#2784=CARTESIAN_POINT('',(55.,-55.,97.));
#2785=CARTESIAN_POINT('',(55.,55.,97.));
#2786=CARTESIAN_POINT('',(-55.,55.,97.));
#2787=CARTESIAN_POINT('',(-55.,-55.,97.));
#2788=CARTESIAN_POINT('',(-52.,52.,93.));
#2789=CARTESIAN_POINT('',(-52.,52.,2.99999999999993));
#2790=CARTESIAN_POINT('',(-52.,52.,93.));
#2791=CARTESIAN_POINT('',(-52.,52.,93.));
#2792=CARTESIAN_POINT('',(-52.,52.,93.));
#2793=CARTESIAN_POINT('',(-53.6,52.,93.));
#2794=CARTESIAN_POINT('',(46.5825756949558,54.,93.));
#2795=CARTESIAN_POINT('',(54.,-46.5825756949558,93.));
#2796=CARTESIAN_POINT('',(-46.5825756949558,-54.,93.));
#2797=CARTESIAN_POINT('',(-54.,46.5825756949558,93.));
#2798=CARTESIAN_POINT('',(-52.,52.,67.));
#2799=CARTESIAN_POINT('',(-52.,52.,67.));
#2800=CARTESIAN_POINT('',(-50.4,52.,67.));
#2801=CARTESIAN_POINT('',(-52.,52.,67.));
#2802=CARTESIAN_POINT('',(50.,0.,63.6666666666667));
#2803=CARTESIAN_POINT('',(-55.,-55.,-3.));
#2804=CARTESIAN_POINT('',(-55.,55.,-3.));
#2805=CARTESIAN_POINT('',(55.,55.,-3.));
#2806=CARTESIAN_POINT('',(55.,-55.,-3.));
#2807=CARTESIAN_POINT('',(-36.95,4.65365783675993E-16,13.));
#2808=CARTESIAN_POINT('',(-36.95,4.65365783675993E-16,3.));
#2809=CARTESIAN_POINT('',(-33.95,4.65365783675993E-16,3.));
#2810=CARTESIAN_POINT('',(-36.95,4.65365783675993E-16,13.));
#2811=CARTESIAN_POINT('',(-33.95,4.65365783675993E-16,13.));
#2812=CARTESIAN_POINT('',(-36.95,4.65365783675993E-16,13.));
#2813=CARTESIAN_POINT('',(-36.95,4.65365783675993E-16,13.));
#2814=CARTESIAN_POINT('',(-35.4,4.65365783675993E-16,13.));
#2815=CARTESIAN_POINT('',(-36.95,4.65365783675993E-16,4.));
#2816=CARTESIAN_POINT('',(-36.95,4.65365783675993E-16,4.));
#2817=CARTESIAN_POINT('',(-35.4,4.65365783675993E-16,4.));
#2818=CARTESIAN_POINT('',(-36.95,4.65365783675993E-16,4.));
#2819=CARTESIAN_POINT('',(-36.95,4.65365783675993E-16,3.));
#2820=CARTESIAN_POINT('',(-52.,42.,0.));
#2821=CARTESIAN_POINT('',(-52.,47.,2.99999999999998));
#2822=CARTESIAN_POINT('',(-54.,42.,0.));
#2823=CARTESIAN_POINT('',(-54.,-1.31473779231927E-14,0.));
#2824=CARTESIAN_POINT('',(-54.,-42.,0.));
#2825=CARTESIAN_POINT('',(-52.,52.,0.));
#2826=CARTESIAN_POINT('',(-47.,52.,2.99999999999993));
#2827=CARTESIAN_POINT('',(-52.,-42.,0.));
#2828=CARTESIAN_POINT('',(-52.,-44.0000000000001,0.));
#2829=CARTESIAN_POINT('',(-42.,52.,0.));
#2830=CARTESIAN_POINT('',(-42.,57.,2.99999999999992));
#2831=CARTESIAN_POINT('',(-52.,-52.,2.99999999999993));
#2832=CARTESIAN_POINT('',(-44.0000000000001,-52.,0.));
#2833=CARTESIAN_POINT('',(-6.57368896159632E-15,54.,0.));
#2834=CARTESIAN_POINT('',(42.,57.,2.99999999999996));
#2835=CARTESIAN_POINT('',(-42.,-52.,0.));
#2836=CARTESIAN_POINT('',(-42.,-54.,0.));
#2837=CARTESIAN_POINT('',(42.,52.,0.));
#2838=CARTESIAN_POINT('',(47.,52.,2.99999999999998));
#2839=CARTESIAN_POINT('',(6.57368896159633E-15,-54.,0.));
#2840=CARTESIAN_POINT('',(42.,-54.,0.));
#2841=CARTESIAN_POINT('',(52.,52.,2.99999999999993));
#2842=CARTESIAN_POINT('',(52.,47.,2.99999999999993));
#2843=CARTESIAN_POINT('',(42.,-52.,0.));
#2844=CARTESIAN_POINT('',(44.0000000000001,-52.,0.));
#2845=CARTESIAN_POINT('',(52.,42.,0.));
#2846=CARTESIAN_POINT('',(57.,42.,2.99999999999992));
#2847=CARTESIAN_POINT('',(52.,-52.,2.99999999999993));
#2848=CARTESIAN_POINT('',(52.,-44.0000000000001,0.));
#2849=CARTESIAN_POINT('',(54.,0.,0.));
#2850=CARTESIAN_POINT('',(57.,-42.,2.99999999999996));
#2851=CARTESIAN_POINT('',(52.,-42.,0.));
#2852=CARTESIAN_POINT('',(-22.5,37.5,5.));
#2853=CARTESIAN_POINT('',(-22.5,37.5,5.));
#2854=CARTESIAN_POINT('',(-22.5,37.5,5.));
#2855=CARTESIAN_POINT('',(-22.5,37.5,3.));
#2856=CARTESIAN_POINT('',(-22.5,37.5,3.));
#2857=CARTESIAN_POINT('',(-22.5,-37.5,3.));
#2858=CARTESIAN_POINT('',(-22.5,-37.5,5.));
#2859=CARTESIAN_POINT('',(-22.5,-37.5,5.));
#2860=CARTESIAN_POINT('',(-22.5,37.5,5.));
#2861=CARTESIAN_POINT('',(-22.5,-37.5,5.));
#2862=CARTESIAN_POINT('',(-22.5,-37.5,3.));
#2863=CARTESIAN_POINT('',(22.5,-37.5,3.));
#2864=CARTESIAN_POINT('',(22.5,-37.5,5.));
#2865=CARTESIAN_POINT('',(22.5,-37.5,5.));
#2866=CARTESIAN_POINT('',(-22.5,-37.5,5.));
#2867=CARTESIAN_POINT('',(22.5,-37.5,5.));
#2868=CARTESIAN_POINT('',(22.5,-37.5,3.));
#2869=CARTESIAN_POINT('',(22.5,37.5,3.));
#2870=CARTESIAN_POINT('',(22.5,37.5,5.));
#2871=CARTESIAN_POINT('',(22.5,37.5,5.));
#2872=CARTESIAN_POINT('',(22.5,-37.5,5.));
#2873=CARTESIAN_POINT('',(21.5,36.5,5.));
#2874=CARTESIAN_POINT('',(21.5,36.5,0.));
#2875=CARTESIAN_POINT('',(21.5,36.5,0.));
#2876=CARTESIAN_POINT('',(-21.5,36.5,0.));
#2877=CARTESIAN_POINT('',(21.5,36.5,5.));
#2878=CARTESIAN_POINT('',(21.5,36.5,5.));
#2879=CARTESIAN_POINT('',(21.5,36.5,5.));
#2880=CARTESIAN_POINT('',(-21.5,36.5,5.));
#2881=CARTESIAN_POINT('',(-21.5,36.5,5.));
#2882=CARTESIAN_POINT('',(21.5,-36.5,5.));
#2883=CARTESIAN_POINT('',(21.5,-36.5,0.));
#2884=CARTESIAN_POINT('',(21.5,-36.5,0.));
#2885=CARTESIAN_POINT('',(21.5,-36.5,5.));
#2886=CARTESIAN_POINT('',(21.5,-36.5,5.));
#2887=CARTESIAN_POINT('',(21.5,-36.5,5.));
#2888=CARTESIAN_POINT('',(-21.5,-36.5,5.));
#2889=CARTESIAN_POINT('',(-21.5,-36.5,0.));
#2890=CARTESIAN_POINT('',(-21.5,-36.5,0.));
#2891=CARTESIAN_POINT('',(-21.5,-36.5,5.));
#2892=CARTESIAN_POINT('',(-21.5,-36.5,5.));
#2893=CARTESIAN_POINT('',(-21.5,-36.5,5.));
#2894=CARTESIAN_POINT('',(-21.5,36.5,5.));
#2895=CARTESIAN_POINT('',(-21.5,36.5,0.));
#2896=CARTESIAN_POINT('',(-21.5,36.5,5.));
#2897=CARTESIAN_POINT('',(22.5,37.5,5.));
#2898=CARTESIAN_POINT('',(22.5,37.5,3.));
#2899=CARTESIAN_POINT('',(22.5,37.5,5.));
#2900=CARTESIAN_POINT('',(0.,0.,5.));
#2901=CARTESIAN_POINT('',(0.,0.,0.));
#2902=CARTESIAN_POINT('',(22.5,-37.5,3.));
#2903=CARTESIAN_POINT('',(7.50000000000002,-22.5,18.));
#2904=CARTESIAN_POINT('',(-2.50000000000002,12.4999999999999,28.));
#2905=CARTESIAN_POINT('',(22.5,37.5,3.));
#2906=CARTESIAN_POINT('',(-7.50000000000003,22.5,18.));
#2907=CARTESIAN_POINT('',(-22.5,-37.5,3.));
#2908=CARTESIAN_POINT('',(-22.5,-37.5,3.));
#2909=CARTESIAN_POINT('',(-22.5,37.5,3.));
#2910=CARTESIAN_POINT('',(9.35000000000002,-57.,48.5));
#2911=CARTESIAN_POINT('',(9.35000000000002,-59.,48.5));
#2912=CARTESIAN_POINT('',(9.35000000000002,-59.,47.4));
#2913=CARTESIAN_POINT('',(-9.34999999999998,-57.,48.5));
#2914=CARTESIAN_POINT('',(-9.34999999999998,-59.,48.5));
#2915=CARTESIAN_POINT('',(-9.34999999999998,-59.,47.4));
#2916=CARTESIAN_POINT('',(4.60000000000002,-57.,50.5));
#2917=CARTESIAN_POINT('',(4.60000000000002,-57.,50.5));
#2918=CARTESIAN_POINT('',(4.60000000000002,-58.,50.5));
#2919=CARTESIAN_POINT('',(-4.59999999999998,-58.,50.5));
#2920=CARTESIAN_POINT('',(-4.59999999999998,-58.,50.5));
#2921=CARTESIAN_POINT('',(-4.59999999999998,-57.,50.5));
#2922=CARTESIAN_POINT('',(-4.59999999999998,-57.,50.5));
#2923=CARTESIAN_POINT('',(-4.59999999999998,-58.,46.5));
#2924=CARTESIAN_POINT('',(-4.59999999999998,-58.,46.5));
#2925=CARTESIAN_POINT('',(-4.59999999999998,-57.,46.5));
#2926=CARTESIAN_POINT('',(-4.59999999999998,-57.,46.5));
#2927=CARTESIAN_POINT('',(4.60000000000002,-58.,46.5));
#2928=CARTESIAN_POINT('',(4.60000000000002,-58.,46.5));
#2929=CARTESIAN_POINT('',(4.60000000000002,-57.,46.5));
#2930=CARTESIAN_POINT('',(4.60000000000002,-57.,46.5));
#2931=CARTESIAN_POINT('',(4.60000000000002,-58.,50.5));
#2932=CARTESIAN_POINT('',(9.35000000000002,-60.,48.5));
#2933=CARTESIAN_POINT('',(-9.34999999999998,-60.,48.5));
#2934=CARTESIAN_POINT('',(-4.59999999999998,-58.,50.5));
#2935=CARTESIAN_POINT('',(-4.59999999999998,-58.,50.5));
#2936=CARTESIAN_POINT('',(-4.59999999999998,-58.,46.5));
#2937=CARTESIAN_POINT('',(-4.59999999999998,-58.,46.5));
#2938=CARTESIAN_POINT('',(4.60000000000002,-58.,46.5));
#2939=CARTESIAN_POINT('',(4.60000000000002,-58.,50.5));
#2940=CARTESIAN_POINT('',(3.26666666666669,-56.6666666666667,49.1666666666667));
#2941=CARTESIAN_POINT('',(4.60000000000002,-58.,46.5));
#2942=CARTESIAN_POINT('',(-54.,46.5825756949558,92.));
#2943=CARTESIAN_POINT('',(-54.,-46.5825756949559,89.));
#2944=CARTESIAN_POINT('',(-54.,-45.8975515869068,89.6278349656009));
#2945=CARTESIAN_POINT('',(-54.,-44.8576470540794,90.5586065520474));
#2946=CARTESIAN_POINT('',(-54.,-43.3554365025373,91.6527448144984));
#2947=CARTESIAN_POINT('',(-54.,-42.4689592734371,92.));
#2948=CARTESIAN_POINT('',(-54.,-42.,92.));
#2949=CARTESIAN_POINT('',(-54.,-42.,92.));
#2950=CARTESIAN_POINT('',(-54.,46.5825756949558,92.));
#2951=CARTESIAN_POINT('',(-54.,42.,92.));
#2952=CARTESIAN_POINT('',(-54.,42.,92.));
#2953=CARTESIAN_POINT('',(-54.,42.4719263816666,92.));
#2954=CARTESIAN_POINT('',(-54.,43.3579921802256,91.6506930170668));
#2955=CARTESIAN_POINT('',(-54.,44.8581164651831,90.5582837209991));
#2956=CARTESIAN_POINT('',(-54.,45.8976730498966,89.6277236429319));
#2957=CARTESIAN_POINT('',(-54.,46.5825756949558,89.));
#2958=CARTESIAN_POINT('',(46.5825756949558,54.,92.));
#2959=CARTESIAN_POINT('',(-46.5825756949558,54.,89.));
#2960=CARTESIAN_POINT('',(-45.8975515869067,54.,89.6278349656009));
#2961=CARTESIAN_POINT('',(-44.8576470540794,54.,90.5586065520473));
#2962=CARTESIAN_POINT('',(-43.3554365025373,54.,91.6527448144984));
#2963=CARTESIAN_POINT('',(-42.4689592734371,54.,92.));
#2964=CARTESIAN_POINT('',(-42.,54.,92.));
#2965=CARTESIAN_POINT('',(-42.,54.,92.));
#2966=CARTESIAN_POINT('',(46.5825756949558,54.,92.));
#2967=CARTESIAN_POINT('',(42.,54.,92.));
#2968=CARTESIAN_POINT('',(42.,54.,92.));
#2969=CARTESIAN_POINT('',(42.4719263816666,54.,92.));
#2970=CARTESIAN_POINT('',(43.3579921802256,54.,91.6506930170667));
#2971=CARTESIAN_POINT('',(44.8581164651831,54.,90.5582837209991));
#2972=CARTESIAN_POINT('',(45.8976730498966,54.,89.6277236429319));
#2973=CARTESIAN_POINT('',(46.5825756949558,54.,89.));
#2974=CARTESIAN_POINT('',(-46.5825756949558,-54.,92.));
#2975=CARTESIAN_POINT('',(46.5825756949558,-54.,89.));
#2976=CARTESIAN_POINT('',(45.8975515869067,-54.,89.6278349656009));
#2977=CARTESIAN_POINT('',(44.8576470540794,-54.,90.5586065520473));
#2978=CARTESIAN_POINT('',(43.3554365025372,-54.,91.6527448144984));
#2979=CARTESIAN_POINT('',(42.4689592734371,-54.,92.));
#2980=CARTESIAN_POINT('',(42.,-54.,92.));
#2981=CARTESIAN_POINT('',(42.,-54.,92.));
#2982=CARTESIAN_POINT('',(-46.5825756949558,-54.,92.));
#2983=CARTESIAN_POINT('',(-42.,-54.,92.));
#2984=CARTESIAN_POINT('',(-42.,-54.,92.));
#2985=CARTESIAN_POINT('',(-42.4719263816666,-54.,92.));
#2986=CARTESIAN_POINT('',(-43.3579921802256,-54.,91.6506930170668));
#2987=CARTESIAN_POINT('',(-44.8581164651831,-54.,90.558283720999));
#2988=CARTESIAN_POINT('',(-45.8976730498966,-54.,89.6277236429319));
#2989=CARTESIAN_POINT('',(-46.5825756949558,-54.,89.));
#2990=CARTESIAN_POINT('',(54.,-46.5825756949558,92.));
#2991=CARTESIAN_POINT('',(54.,46.5825756949558,89.));
#2992=CARTESIAN_POINT('',(54.,45.8975515869067,89.6278349656009));
#2993=CARTESIAN_POINT('',(54.,44.8576470540794,90.5586065520474));
#2994=CARTESIAN_POINT('',(54.,43.3554365025372,91.6527448144984));
#2995=CARTESIAN_POINT('',(54.,42.4689592734371,92.));
#2996=CARTESIAN_POINT('',(54.,42.,92.));
#2997=CARTESIAN_POINT('',(54.,42.,92.));
#2998=CARTESIAN_POINT('',(54.,-46.5825756949558,92.));
#2999=CARTESIAN_POINT('',(54.,-42.,92.));
#3000=CARTESIAN_POINT('',(54.,-42.,92.));
#3001=CARTESIAN_POINT('',(54.,-42.4719263816666,92.));
#3002=CARTESIAN_POINT('',(54.,-43.3579921802256,91.6506930170668));
#3003=CARTESIAN_POINT('',(54.,-44.8581164651831,90.558283720999));
#3004=CARTESIAN_POINT('',(54.,-45.8976730498966,89.6277236429319));
#3005=CARTESIAN_POINT('',(54.,-46.5825756949558,89.));
#3006=CARTESIAN_POINT('',(-52.,42.,92.));
#3007=CARTESIAN_POINT('',(-57.,42.,89.));
#3008=CARTESIAN_POINT('',(-54.,42.,92.));
#3009=CARTESIAN_POINT('',(-57.,-42.,89.));
#3010=CARTESIAN_POINT('',(-52.,-42.,92.));
#3011=CARTESIAN_POINT('',(-42.,-52.,92.));
#3012=CARTESIAN_POINT('',(-42.,-57.,89.));
#3013=CARTESIAN_POINT('',(-42.,-54.,92.));
#3014=CARTESIAN_POINT('',(42.,-57.,89.));
#3015=CARTESIAN_POINT('',(42.,-52.,92.));
#3016=CARTESIAN_POINT('',(52.,-42.,92.));
#3017=CARTESIAN_POINT('',(57.,-42.,89.));
#3018=CARTESIAN_POINT('',(54.,-42.,92.));
#3019=CARTESIAN_POINT('',(57.,42.,89.));
#3020=CARTESIAN_POINT('',(52.,42.,92.));
#3021=CARTESIAN_POINT('',(42.,52.,92.));
#3022=CARTESIAN_POINT('',(42.,57.,89.));
#3023=CARTESIAN_POINT('',(42.,54.,92.));
#3024=CARTESIAN_POINT('',(-42.,57.,89.));
#3025=CARTESIAN_POINT('',(-42.,52.,92.));
#3026=MECHANICAL_DESIGN_GEOMETRIC_PRESENTATION_REPRESENTATION('',(#1765),
#3027);
#3027=(
GEOMETRIC_REPRESENTATION_CONTEXT(3)
GLOBAL_UNCERTAINTY_ASSIGNED_CONTEXT((#3028))
GLOBAL_UNIT_ASSIGNED_CONTEXT((#3031,#3030,#3029))
REPRESENTATION_CONTEXT('box','TOP_LEVEL_ASSEMBLY_PART')
);
#3028=UNCERTAINTY_MEASURE_WITH_UNIT(LENGTH_MEASURE(0.005),#3031,
'DISTANCE_ACCURACY_VALUE','Maximum Tolerance applied to model');
#3029=(
NAMED_UNIT(*)
SI_UNIT($,.STERADIAN.)
SOLID_ANGLE_UNIT()
);
#3030=(
NAMED_UNIT(*)
PLANE_ANGLE_UNIT()
SI_UNIT($,.RADIAN.)
);
#3031=(
LENGTH_UNIT()
NAMED_UNIT(*)
SI_UNIT(.MILLI.,.METRE.)
);
#3032=PRODUCT_DEFINITION_SHAPE('','',#3033);
#3033=PRODUCT_DEFINITION('','',#3035,#3034);
#3034=PRODUCT_DEFINITION_CONTEXT('',#3041,'design');
#3035=PRODUCT_DEFINITION_FORMATION_WITH_SPECIFIED_SOURCE('','',#3037,
 .NOT_KNOWN.);
#3036=PRODUCT_RELATED_PRODUCT_CATEGORY('','',(#3037));
#3037=PRODUCT('box','box','box',(#3039));
#3038=PRODUCT_CATEGORY('','');
#3039=PRODUCT_CONTEXT('',#3041,'mechanical');
#3040=APPLICATION_PROTOCOL_DEFINITION('international standard',
'automotive_design',2010,#3041);
#3041=APPLICATION_CONTEXT(
'core data for automotive mechanical design processes');
ENDSEC;
END-ISO-10303-21;
